"{id : P_6c4758cc2fe36893, x0 : 2.1796843964635055, f(x0) : 0.2519177521158798, f'(x0) : -0.3491781845542045, f''(x0) : 0.44620265066622444, kappa : 3.6596364165868547}"
"{id : P_609f02e867680aa7, x0 : 0.984277465945814, f(x0) : -2.8874781271860397, f'(x0) : 0.017928259748792832, f''(x0) : 0.018002731635051252, kappa : 56.00955679314181}"
"{id : P_54861f9692c391f1, x0 : 275.99485830160927, f(x0) : 8318.296562740845, f'(x0) : -516.7619437799796, f''(x0) : 35.847797503581724, kappa : 0.00013423984170989804}"
"{id : P_534145c0190f67a, x0 : 77.47516529342761, f(x0) : 8.138428922320752, f'(x0) : 0.062126824427837166, f''(x0) : -0.0007796568748161814, kappa : -0.20199713128303526}"
"{id : P_1babec2d41ca3e0e, x0 : 1654.937888206733, f(x0) : 82.88880888763583, f'(x0) : 0.01694241696621995, f''(x0) : -1.9889810495501428e-05, kappa : -0.06929149213031037}"
"{id : P_32d8c7a99c0343e7, x0 : 345.9516195829014, f(x0) : 627.0508533185547, f'(x0) : -18.582067426960236, f''(x0) : 0.6580880592824285, kappa : 0.0019058817328942933}"
"{id : P_6b775a1916bcf362, x0 : 0.019866888650216907, f(x0) : 0.020261242862035386, f'(x0) : 0.9814994946872557, f''(x0) : -3.9128937386245535, kappa : -4.0617939965100005}"
"{id : P_6768305f6b5b5c70, x0 : -2.536476944440004, f(x0) : 3630.0689829043986, f'(x0) : -23990.865260523824, f''(x0) : 96813.9824322469, kappa : 0.00016820785081834104}"
"{id : P_9daf33d99847937, x0 : 389.5378180674106, f(x0) : 50.99919565721921, f'(x0) : 0.07400645635317042, f''(x0) : -9.60026321711315e-05, kappa : -0.017528466450860973}"
"{id : P_2b92b1d049ed6cc6, x0 : 1.6104891146853344, f(x0) : -0.09838729667684022, f'(x0) : 0.1880751659602227, f''(x0) : -0.31296218703568435, kappa : -8.847670909446917}"
"{id : P_4fa8237f0e287c6d, x0 : 0.33446471725801463, f(x0) : -0.2512326492240882, f'(x0) : 9.411559929293716, f''(x0) : -51.610612978980285, kappa : -0.5826607898060788}"
"{id : P_12d7f435de135fc2, x0 : 0.39221415093036605, f(x0) : -0.7063589091736489, f'(x0) : 3.6307838463494835, f''(x0) : -14.398819580532649, kappa : -1.092260179379925}"
"{id : P_a0afe342cbe8929, x0 : 1.2945965693318229, f(x0) : -212.15240909330996, f'(x0) : -1611.4644448062754, f''(x0) : -11056.902991135981, kappa : -0.004257866532085536}"
"{id : P_5377d8cf75ab7e21, x0 : 4.551154056835223, f(x0) : 4.8150314138687715, f'(x0) : -0.13042716626308293, f''(x0) : -0.3599044366039478, kappa : -21.156853705091308}"
"{id : P_7bbf2ce05cfd7908, x0 : 8.485570404028728, f(x0) : -1.0448429929020173, f'(x0) : 1.5503194063867607, f''(x0) : 1.235659913429356, kappa : 0.5141106386235093}"
"{id : P_4430119a46a03b21, x0 : 0.9555296053055748, f(x0) : -2.5318414673952883, f'(x0) : 2.3570967033207557, f''(x0) : 11.124717704681856, kappa : 2.002323287992777}"
"{id : P_7f1df9d8ee954b17, x0 : 0.47199904576276275, f(x0) : -0.3771652060406816, f'(x0) : 1.2397508225977023, f''(x0) : 51.59468394509157, kappa : 33.56882547528275}"
"{id : P_1d9ec9d61804e7c2, x0 : 308.9922401958055, f(x0) : 2973.5135046405458, f'(x0) : -89.38611882238473, f''(x0) : 3.2655814181358522, kappa : 0.0004087147914910354}"
"{id : P_17ccc4ca50ed7335, x0 : 396.75866081673087, f(x0) : 120.26784866818933, f'(x0) : 0.010546732853988128, f''(x0) : -0.00013104554064066574, kappa : -1.1781113925752416}"
"{id : P_43687530ee7979ac, x0 : 0.07538733369603007, f(x0) : 1.575897752371052, f'(x0) : 126.45407762808804, f''(x0) : -7051.662407908188, kappa : -0.4409870502130895}"
"{id : P_7a053c0244dbeffa, x0 : 1.8025323956709567, f(x0) : -0.01799908708879214, f'(x0) : 0.045843599194143186, f''(x0) : -0.11326514240725295, kappa : -53.89380685401644}"
"{id : P_5ff9bacb7004ad70, x0 : 1.1138366374033817, f(x0) : 1.637445313212949, f'(x0) : -1.4652897512812115, f''(x0) : 1.311234053366232, kappa : 0.6107074183978872}"
"{id : P_61d71aa7f0bd7a04, x0 : 0.2628552854892199, f(x0) : -0.1856815019009944, f'(x0) : 0.033396845190241664, f''(x0) : 3.5448767181383087, kappa : 3178.266053282224}"
"{id : P_7638cd35d0a223b, x0 : 1.0134648652073421, f(x0) : -1.7774214139622586, f'(x0) : 0.5858036967663828, f''(x0) : -0.19306956045959223, kappa : -0.5626127783454475}"
"{id : P_2bf66c0c47bd2f59, x0 : 3.1088648005479556, f(x0) : -0.2084220083151417, f'(x0) : 0.13453841446530426, f''(x0) : -0.08684584278388317, kappa : -4.797957797661959}"
"{id : P_4607cfd44e287c55, x0 : 0.6092061292672017, f(x0) : 0.3441699980628369, f'(x0) : 0.06740075804241426, f''(x0) : -0.6131161347649052, kappa : -134.96252138814643}"
"{id : P_2d717c26c91d441d, x0 : 0.6918638328388204, f(x0) : 0.04551786837992086, f'(x0) : -0.1514810801551716, f''(x0) : -2.3945608704194834, kappa : -104.3539986096147}"
"{id : P_42b87e6d3c8c8af9, x0 : 1.6130356594847566, f(x0) : 0.3730394391016555, f'(x0) : 0.013700075292282687, f''(x0) : 0.1048255289068644, kappa : 558.4973984697776}"
"{id : P_1ddb9c88d9b51f5f, x0 : 1707.7106258821132, f(x0) : 98.37776556316325, f'(x0) : 0.023527542363769572, f''(x0) : -2.4840670750665174e-05, kappa : -0.04487559195038076}"
"{id : P_257725481df2601b, x0 : 253.45388262875645, f(x0) : 11032.055389023391, f'(x0) : -442.0491691631768, f''(x0) : 21.200900221825567, kappa : 0.00010849585455146544}"
"{id : P_77262b9c680732f4, x0 : 2.4856419686599747, f(x0) : 1.93707700002601, f'(x0) : -0.41398860185095576, f''(x0) : 0.08847689712913213, kappa : 0.5162417394799342}"
"{id : P_77b0f82d32b5fb7f, x0 : 23.115902575640348, f(x0) : 42.830239090669544, f'(x0) : 0.7288796930704412, f''(x0) : -0.05187723898304179, kappa : -0.09764840468192829}"
"{id : P_7bda93f7fbb804ce, x0 : 2.2541485954092995, f(x0) : -0.006508332123148016, f'(x0) : 0.01805175352246463, f''(x0) : -0.04853809633284922, kappa : -148.95118037231435}"
"{id : P_5c94bc65d6a5254, x0 : 0.1231298900741713, f(x0) : -0.9833149554753275, f'(x0) : 0.35398369810964353, f''(x0) : -0.12748298507192843, kappa : -1.01738586615474}"
"{id : P_39f396f95911d5c5, x0 : 182.50481573476867, f(x0) : 104.10174661132442, f'(x0) : 0.06811986433086209, f''(x0) : -0.0013158757510441529, kappa : -0.28357460456041717}"
"{id : P_1c79ea05a0cc32a4, x0 : 0.16947346107481417, f(x0) : 0.025708938961631768, f'(x0) : 23.169553925939297, f''(x0) : -817.5656195492861, kappa : -1.5229557150502548}"
"{id : P_7b1db6d9b3415b5c, x0 : -0.19180097250146133, f(x0) : -0.9483324513965272, f'(x0) : -0.2622976884672686, f''(x0) : -0.07262275056613222, kappa : -1.0555620478449326}"
"{id : P_6226bc1ef333e23c, x0 : 2.659539617083306, f(x0) : -39.0120254747782, f'(x0) : -116.71306777060141, f''(x0) : -301.1087350694279, kappa : -0.02210468779809279}"
"{id : P_37962809463ddfda, x0 : 0.4878744382232991, f(x0) : -0.9370186684412212, f'(x0) : 0.3304246868576384, f''(x0) : -0.11651899515150083, kappa : -1.0672145963362196}"
"{id : P_1919539b83003370, x0 : 0.95401920940418, f(x0) : 0.34302035356913607, f'(x0) : 0.027535768214585005, f''(x0) : -0.45407078415427016, kappa : -598.8653211300241}"
"{id : P_5fcb279ee738eb88, x0 : -1.4830384719467524, f(x0) : -976.7820844301009, f'(x0) : 1851.08087232684, f''(x0) : 32388.566741796698, kappa : 0.009452375018139603}"
"{id : P_1c5785c921b9ad99, x0 : 0.12617061178353778, f(x0) : 4.216213643516685, f'(x0) : -17.175356597882846, f''(x0) : -5665.544042492873, kappa : -19.205697956670505}"
"{id : P_69656cf67cfbf3ba, x0 : 0.8672896896290005, f(x0) : -2.4923861449694744, f'(x0) : 29.15752408955459, f''(x0) : 485.4352130618141, kappa : 0.5709919563043865}"
"{id : P_39fe2bde799ab90, x0 : 6.556064291651246, f(x0) : -9239.87244576751, f'(x0) : -5635.654967766, f''(x0) : -2578.981595235855, kappa : -8.120063958729172e-05}"
"{id : P_251bc3336123a780, x0 : 0.3111328283848938, f(x0) : -0.7348477677508317, f'(x0) : 33.99427026423538, f''(x0) : -30.475505131441423, kappa : -0.02637178139508103}"
"{id : P_49edea831eac2249, x0 : -2.695704609533422, f(x0) : 12.463898945880777, f'(x0) : -20.692522207343675, f''(x0) : 15.876662553373036, kappa : 0.037079370660693715}"
"{id : P_2cbacc7d52362f03, x0 : 4.14883005779987, f(x0) : -0.3908819855995323, f'(x0) : 0.07235706961405207, f''(x0) : -0.013394184730980965, kappa : -2.5583169264406145}"
"{id : P_2f528361dd3ea780, x0 : 37.69626233186872, f(x0) : 23.6170321612594, f'(x0) : 0.0716619279572491, f''(x0) : -0.006529994698862219, kappa : -1.271557057406386}"
"{id : P_27143b1e629499cc, x0 : 333.69661402087337, f(x0) : 340.1524177700981, f'(x0) : -8.616050787757622, f''(x0) : 0.2698843395651875, kappa : 0.003635475181564578}"
"{id : P_40b0a0d723056227, x0 : 271.66752986684475, f(x0) : 1678.7828964361888, f'(x0) : -65.69894814503759, f''(x0) : 3.054791407191373, kappa : 0.0007077253100949626}"
"{id : P_4ec4c6a6987e70f9, x0 : 53.29794291239796, f(x0) : 21.410380861467488, f'(x0) : 0.269245755729611, f''(x0) : -0.0038047836815267165, kappa : -0.052484641888376676}"
"{id : P_49c01f928a179ea7, x0 : 278.7665449094974, f(x0) : 5899.782989270747, f'(x0) : -233.42896498386315, f''(x0) : 10.910504533651478, kappa : 0.00020023285756650005}"
"{id : P_1b8dea08b27885d4, x0 : 8.616566623838331, f(x0) : 40911.77831700717, f'(x0) : -406450.75540509535, f''(x0) : -593061.9622757062, kappa : -3.5899152843791553e-06}"
"{id : P_cfba8bb423cc801, x0 : 3.4118799578126158, f(x0) : -8.338936238276172, f'(x0) : -3.461670233684059, f''(x0) : -1.9668419608922147, kappa : -0.1641338201670741}"
"{id : P_5769eb3dc8badeff, x0 : 2.026335166773629, f(x0) : 0.5526260067351774, f'(x0) : -0.03652370027737411, f''(x0) : -0.03428854380623752, kappa : -25.703928302827737}"
"{id : P_64743a3061cd0b55, x0 : 4.037662601778013, f(x0) : 0.18400553233728753, f'(x0) : -0.08335094935158652, f''(x0) : 0.03775636889588726, kappa : 5.434619205725677}"
"{id : P_33b4eb43c6fb89fa, x0 : 0.2718263998255682, f(x0) : -1.9563933009612686, f'(x0) : 82.954241327463, f''(x0) : -668.4254914174645, kappa : -0.0971350152044206}"
"{id : P_359cbbe6294ef42b, x0 : -8.982758263486026, f(x0) : 4.96466191200008, f'(x0) : 0.6713385300987844, f''(x0) : -8.843122744597148, kappa : -19.62106183694805}"
"{id : P_e7d0c17d5b13271, x0 : 352.81833241099184, f(x0) : 50.74510550455321, f'(x0) : 0.12326148976772126, f''(x0) : -0.0001991816527115159, kappa : -0.013109752925534627}"
"{id : P_3bfb856a00cc5e7e, x0 : 4.719238470788497, f(x0) : -0.05742615750006619, f'(x0) : 0.9369599330279712, f''(x0) : 6.189370991988252, kappa : 7.0502493279436}"
"{id : P_398b2d1cf056095f, x0 : -6.195841219851616, f(x0) : 0.3209029454611809, f'(x0) : -0.4597076697991882, f''(x0) : 0.022935735772989893, kappa : 0.10852984369225636}"
"{id : P_36a36a8816353aef, x0 : 0.18353156570812246, f(x0) : 0.05001358502820385, f'(x0) : 0.2821987694366823, f''(x0) : -0.2940584065053475, kappa : -3.6925243526546274}"
"{id : P_74ab2389b40f3124, x0 : 3.5436228310264895, f(x0) : 0.7656427128241127, f'(x0) : -0.11217894317887585, f''(x0) : 0.016436015235242424, kappa : 1.3060922323827107}"
"{id : P_542ca16c3c2f73f2, x0 : 1.6814263031471057, f(x0) : -126.06156974453005, f'(x0) : -605.423547320295, f''(x0) : -2528.9887887364193, kappa : -0.006899669486502512}"
"{id : P_6b76d8d5b88f4bfd, x0 : 0.22316339835385968, f(x0) : -0.02314157554124034, f'(x0) : 4.121507517363356, f''(x0) : -104.63935209531829, kappa : -6.1600303133008625}"
"{id : P_7215fd25bfff5e58, x0 : 48.69914470849629, f(x0) : 117.78455174422218, f'(x0) : 0.26892406769434, f''(x0) : -0.019279757510656303, kappa : -0.26658899898450666}"
"{id : P_777a7bfc79dff639, x0 : 2.9136489805080235, f(x0) : 0.005219673536360962, f'(x0) : -0.011018872988047186, f''(x0) : 0.0227925667684249, kappa : 187.72360319167362}"
"{id : P_735251cdb08ab67d, x0 : 322.56392887011515, f(x0) : 615.1756874495082, f'(x0) : -23.400394950409854, f''(x0) : 1.0352072053891186, kappa : 0.0018905184114223494}"
"{id : P_318242d1846be8e8, x0 : 0.6531209221259724, f(x0) : -1.9782271781998362, f'(x0) : 0.36469912652567443, f''(x0) : 5.516710264623611, kappa : 41.477324010502066}"
"{id : P_3bf876b0be6d1f89, x0 : 254.93849714624855, f(x0) : 9914.325232667463, f'(x0) : -504.5825697051756, f''(x0) : 29.638838046455202, kappa : 0.00011641171444362266}"
"{id : P_6cced621490561d0, x0 : -1.880319415691929, f(x0) : -4.101667528226153, f'(x0) : -37.21205671837749, f''(x0) : 54.698944230606756, kappa : 0.03950131880965484}"
"{id : P_7722d21d2e809357, x0 : 9.6142235428591, f(x0) : 0.06665644618013987, f'(x0) : 0.09917526043040324, f''(x0) : 0.5303903282459922, kappa : 53.924843933270594}"
"{id : P_4ca971d3e04f36e5, x0 : -2.0143513185684583, f(x0) : -4537.2035441322905, f'(x0) : 21739.515649477813, f''(x0) : -92939.13754592594, kappa : -0.0001966522456786227}"
"{id : P_989ea68f98e618c, x0 : 70.03174225311099, f(x0) : 2.550696399319838, f'(x0) : 0.013731065644807174, f''(x0) : -0.00033574464348562065, kappa : -1.7807403756384423}"
"{id : P_4bcff8df8e708032, x0 : 0.2575169236992494, f(x0) : 4.976947173957945, f'(x0) : -0.1779411941538941, f''(x0) : -0.6660624703660143, kappa : -21.035941881250686}"
"{id : P_713863e7cf504367, x0 : 1.4066512522810406, f(x0) : 48.29442858012024, f'(x0) : 274.6203117222014, f''(x0) : 1569.9245312740184, kappa : 0.020816775767517653}"
"{id : P_655ffebc9665005d, x0 : 0.013906777207461057, f(x0) : 3.2797242585462363, f'(x0) : -114.39019103907879, f''(x0) : -29.198118858839734, kappa : -0.0022313993465420782}"
"{id : P_68d3745471fb7b25, x0 : 3.2274140517979344, f(x0) : 0.31958868199549423, f'(x0) : -0.014355662512818305, f''(x0) : -0.0614903174860842, kappa : -298.3735046539917}"
"{id : P_36a677eb2560ef4b, x0 : 48.43521159356547, f(x0) : 17.108911274163248, f'(x0) : 0.02529517572748797, f''(x0) : -0.002117004482029894, kappa : -3.3086160779042055}"
"{id : P_7cc965f904d9aed, x0 : -2.420204988739293, f(x0) : 0.7604969128454644, f'(x0) : 1.3168272903081926, f''(x0) : -3.1062618436854175, kappa : -1.7913499055715207}"
"{id : P_47627d6703e237ab, x0 : 2.788885136702053, f(x0) : 1.094447681978651, f'(x0) : 0.7023259342528836, f''(x0) : 0.6043197495823862, kappa : 1.2251503159936488}"
"{id : P_74df775bbd5383f7, x0 : -1.7078375621972626, f(x0) : 88.34142044370883, f'(x0) : -345.83371879699445, f''(x0) : 1219.7606537367635, kappa : 0.010198585721697219}"
"{id : P_3c9bc3b719faca32, x0 : 0.19473064984555322, f(x0) : 0.9548051053758159, f'(x0) : -0.17644777076031848, f''(x0) : 1.3262784857828247, kappa : 42.59929120268803}"
"{id : P_302de37fd0d58836, x0 : 100.9210028127481, f(x0) : 31.525243384740325, f'(x0) : 0.07839308008902741, f''(x0) : -0.0018106894072933556, kappa : -0.29463782792563564}"
"{id : P_63513568e289a10d, x0 : 1.9822965779121766, f(x0) : 0.091686593132076, f'(x0) : 0.09817931384104739, f''(x0) : -0.12460485751023283, kappa : -12.926917816432043}"
"{id : P_59d00c5fed9acfab, x0 : 0.6214795922897292, f(x0) : 0.3960591848953664, f'(x0) : -0.8322101907565611, f''(x0) : -6.033636825220615, kappa : -8.711904509367312}"
"{id : P_6ad7f1f537ea7d4a, x0 : 5.943137220270486, f(x0) : -0.25163284861815755, f'(x0) : 0.10673899064080786, f''(x0) : -0.03838372931916396, kappa : -3.368999796081629}"
"{id : P_7f8507462be73a6d, x0 : -1.7918628109861174, f(x0) : -962.0326275182299, f'(x0) : 4784.440716422888, f''(x0) : -21352.367023748036, kappa : -0.0009327895468511407}"
"{id : P_5fdaeac8beca14c6, x0 : 0.5134711343030016, f(x0) : 0.5206266697432249, f'(x0) : -5.822116654069591, f''(x0) : -22.164179642572755, kappa : -0.6538676567839197}"
"{id : P_31497d9e80b7f2fb, x0 : 2.4876914854495515, f(x0) : -0.6069304651536732, f'(x0) : 0.20443201364482963, f''(x0) : -0.0688587088675769, kappa : -1.6476352027357908}"
"{id : P_4c72c8631e47d3ee, x0 : 549.2765061410655, f(x0) : 38.0581729575863, f'(x0) : 0.0260996369727422, f''(x0) : -4.4713068745064115e-05, kappa : -0.06563954229568034}"
"{id : P_b29cb5b81f4e78f, x0 : 1.1918491087722458, f(x0) : -0.25321516627143364, f'(x0) : -1144.6434494603116, f''(x0) : 28483.710026430643, kappa : 0.021739827881349878}"
"{id : P_1553e6f365232b4a, x0 : 450.08992426139685, f(x0) : 43.549049693050755, f'(x0) : 0.04611693634291362, f''(x0) : -0.0001076541150045146, kappa : -0.05061855442637326}"
"{id : P_2bfdf4cc2f98921c, x0 : 2.0106859597844498, f(x0) : 0.30241126407231705, f'(x0) : 0.06028828408795516, f''(x0) : -1.235379751140822, kappa : -339.887061147777}"
"{id : P_3efb333204027130, x0 : 4.8688047155191185, f(x0) : -3.525462782931639, f'(x0) : -1.1972905075701181, f''(x0) : -0.7221071593042121, kappa : -0.5037355162283257}"
"{id : P_68d961e9247bc53c, x0 : 1.3387823359369921, f(x0) : 0.01379087538948653, f'(x0) : -0.05634829126789935, f''(x0) : 0.22697164508841672, kappa : 71.48420700167642}"
"{id : P_7d598f8afb7b142b, x0 : 174.99069798658792, f(x0) : 44.24501548448408, f'(x0) : 0.0590312762294187, f''(x0) : -0.0008220708235025151, kappa : -0.23590920637207619}"
"{id : P_cd15df2047ce4a0, x0 : 2.604557475780097, f(x0) : -2.6989952565522723, f'(x0) : 0.2723423911446954, f''(x0) : -0.027480736705390273, kappa : -0.370508246567803}"
"{id : P_13859c7b4ffa3531, x0 : 6.909434182877668, f(x0) : 1.3835626129714211, f'(x0) : 0.23462383630541017, f''(x0) : 0.11696891106522052, kappa : 2.1248397566626416}"
"{id : P_2b9ee4f7ff8e79c, x0 : 316.2398469981963, f(x0) : 642.7200521024911, f'(x0) : -21.375920847637943, f''(x0) : 0.8461196247535038, kappa : 0.001851748931808056}"
"{id : P_35ae94d4ca8e73ee, x0 : 3.171288956615202, f(x0) : 0.9497140441163401, f'(x0) : -0.15437631514422387, f''(x0) : 0.025093918348531127, kappa : 1.0529485229740374}"
"{id : P_7ba54870f9955a44, x0 : 1.5849438368781303, f(x0) : -0.19541193600413548, f'(x0) : 0.31493670707936483, f''(x0) : -0.4491820941973994, kappa : -4.5287241808904914}"
"{id : P_79be0285f94e7a74, x0 : -1.3806710857182907, f(x0) : 31.76356137469792, f'(x0) : -55.78094130275367, f''(x0) : 71.74338378112577, kappa : 0.02305739177922636}"
"{id : P_1df421e8940db78d, x0 : 0.4088277983736148, f(x0) : 4.181120150890857, f'(x0) : -3.221006043743419, f''(x0) : -47.092616423645566, kappa : -4.539099895515938}"
"{id : P_1eb962e5134a3720, x0 : 0.20974293823354628, f(x0) : 1.880133748974563, f'(x0) : -0.5540183257854749, f''(x0) : 0.1629379467305428, kappa : 0.5308526359174983}"
"{id : P_3ff22c4a1272f025, x0 : -9.897782713167711, f(x0) : -3.2435116605385224, f'(x0) : -1.3103872410541917, f''(x0) : 12.736950287314901, kappa : 7.417646664899454}"
"{id : P_7e12f8178121d2e, x0 : 7.260536959813496, f(x0) : 0.015186820693709916, f'(x0) : -0.01044896932682534, f''(x0) : 0.00686651404819742, kappa : 62.89113091368342}"
"{id : P_1cbf2dd436f1b64, x0 : 113.32121167430955, f(x0) : 3.2609371979034103, f'(x0) : 0.01015514150336409, f''(x0) : -0.00016270281290526784, kappa : -1.577695194527964}"
"{id : P_4d8141a4912db629, x0 : 1248.130412025468, f(x0) : 119.08028420936574, f'(x0) : 0.015161290967693601, f''(x0) : -3.507355327768969e-05, kappa : -0.1525834397080397}"
"{id : P_7b39c2bf10c8e206, x0 : 4.133298039303426, f(x0) : 273.8237409297866, f'(x0) : 210.9109103704673, f''(x0) : 144.68415465205004, kappa : 0.0032525417403579423}"
"{id : P_4b70e3e0da7689d5, x0 : -2.3671475884937365, f(x0) : 8196.91780249633, f'(x0) : -22820.037053147244, f''(x0) : 53353.24198440616, kappa : 0.00010245381245299188}"
"{id : P_10accd13fc32581f, x0 : 0.38280638180975757, f(x0) : 0.06666257512095783, f'(x0) : 0.04725379917185856, f''(x0) : -0.34046556489566787, kappa : -152.47538230966535}"
"{id : P_61ef17ca7ea757db, x0 : 7.16245795056787, f(x0) : -0.028851398159210808, f'(x0) : 0.01716070263320138, f''(x0) : -0.009924032991453204, kappa : -33.699081803237256}"
"{id : P_5c1b7e9f28f0a96d, x0 : 265.9158124743782, f(x0) : 11652.155150438663, f'(x0) : -557.2492862950662, f''(x0) : 30.840898886351262, kappa : 9.931800461751264e-05}"
"{id : P_24fe5a204c32e486, x0 : 0.38056298498885965, f(x0) : 0.0018635197731613291, f'(x0) : 0.04407068939021773, f''(x0) : 0.926430537593237, kappa : 476.9942829430538}"
"{id : P_76c17bceea1af3e, x0 : 128.3115279161383, f(x0) : 18.235232324196414, f'(x0) : 0.049174784199199933, f''(x0) : -0.0007075346286257187, kappa : -0.29259222048060274}"
"{id : P_45b8ecd03a5d25a8, x0 : 73.86060399674949, f(x0) : 15.086702487277613, f'(x0) : 0.13086334935719932, f''(x0) : -0.0014758430690553228, kappa : -0.08617952914520106}"
"{id : P_159b656ae45a5ba5, x0 : 2.15990552318779, f(x0) : -1.2454158547134146, f'(x0) : 0.18286937140611229, f''(x0) : -0.026851438314282473, kappa : -0.8029446519533125}"
"{id : P_b9af5ef3af29935, x0 : -3.297898775956213, f(x0) : -92285.46998913227, f'(x0) : 251867.4457538466, f''(x0) : -610975.2638074079, kappa : -9.631181156718222e-06}"
"{id : P_3ff9afd8bfae8bc3, x0 : 0.4000298222564105, f(x0) : 0.14297021455899842, f'(x0) : 0.31309634891237437, f''(x0) : -1.2094034972852652, kappa : -12.337160470050168}"
"{id : P_24dac76273a8a15a, x0 : 0.4589261701243714, f(x0) : -0.8092191585471479, f'(x0) : 3.2749104921430545, f''(x0) : -12.857877888021564, kappa : -1.1988654036464188}"
"{id : P_227cde5f10e049cd, x0 : -2.070209046627003, f(x0) : 1.2814361425427307, f'(x0) : -11.330535310291058, f''(x0) : -3.8221589824988063, kappa : -0.029771991781507617}"
"{id : P_97d90abda0eda29, x0 : 1.2835333957579032, f(x0) : -26.264550790089277, f'(x0) : -61.69356382096546, f''(x0) : -73.80072903783329, kappa : -0.019390139551802243}"
"{id : P_571e50eda33ebce6, x0 : 6.18537271371499, f(x0) : 6.9108123618454265, f'(x0) : 0.10488193264629941, f''(x0) : -3.118312425897067, kappa : -283.47728353008716}"
"{id : P_73c7cdaed94f6434, x0 : 0.94743932291696, f(x0) : 0.10710442198498633, f'(x0) : 0.12378035709185514, f''(x0) : -0.28407930398283354, kappa : -18.54112717365339}"
"{id : P_2f78fde2e9dd4115, x0 : 188.88999762871072, f(x0) : 88.49400835445621, f'(x0) : 0.26487832663491295, f''(x0) : -0.0014365773973063903, kappa : -0.02047557850371038}"
"{id : P_14221c72c9a50719, x0 : 281.91158333850734, f(x0) : 2564.6037958048064, f'(x0) : -135.33933422271932, f''(x0) : 8.102285130489049, kappa : 0.00044234329747778073}"
"{id : P_7f6508557fcc0299, x0 : -9.819246301126206, f(x0) : -3304.4750249804347, f'(x0) : -187699.497156513, f''(x0) : 198798.10207192288, kappa : 5.642687713854329e-06}"
"{id : P_6b6fba679348020e, x0 : -0.4562466010016344, f(x0) : 3.4313194630026147, f'(x0) : 1.2243932037247405, f''(x0) : -1.2801991920114049, kappa : -0.8539564599423765}"
"{id : P_7244d7e986dc98e5, x0 : 3.225483333864391, f(x0) : -0.7198233913962648, f'(x0) : 0.2479721888318932, f''(x0) : -0.0854240181258983, kappa : -1.3892296526516978}"
"{id : P_23c07aad09ee7328, x0 : 440.3106642270618, f(x0) : 58.026708156770226, f'(x0) : 0.07108923289932043, f''(x0) : -9.263820237113434e-05, kappa : -0.018330844072994366}"
"{id : P_3983504992cfd8b3, x0 : 6.115622844670696, f(x0) : -6.392894002367202, f'(x0) : 2.344073667512961, f''(x0) : 1.4381077662795165, kappa : 0.261727236283729}"
"{id : P_700d90135dacc96f, x0 : 0.5167219060269339, f(x0) : -0.24936691054641533, f'(x0) : 1.6087427729116301, f''(x0) : -9.298660799376057, kappa : -3.5929170259434615}"
"{id : P_1950fc2e619dded5, x0 : 0.9329889913321239, f(x0) : 4.562779085029687, f'(x0) : -5.871342633954496, f''(x0) : -8.418813113814803, kappa : -0.24421707107907328}"
"{id : P_6977250d083ed3fa, x0 : -4.298433215273121, f(x0) : 27103.094239749407, f'(x0) : -44151.28596816435, f''(x0) : 61630.79827087408, kappa : 3.161630247761745e-05}"
"{id : P_3b3cdb24f5f9c317, x0 : 3.409556007461692, f(x0) : 0.1373519230212467, f'(x0) : 0.08837339319637623, f''(x0) : -0.3351496540330505, kappa : -42.91367564398501}"
"{id : P_4943b94ea7891dbd, x0 : 0.16814234462444022, f(x0) : -6.929491334563211, f'(x0) : -119.30702874468314, f''(x0) : 3863.984331063575, kappa : 0.2714584072097356}"
"{id : P_d8022592fb1499f, x0 : 189.04281918164088, f(x0) : 32.018377245352575, f'(x0) : 0.07199774623774573, f''(x0) : -0.00012244313512481015, kappa : -0.023620910682265375}"
"{id : P_5ae23bf20c7277c0, x0 : 1.511838511461491, f(x0) : 186.64375576043113, f'(x0) : 1371.7528134297013, f''(x0) : 9086.251498117012, kappa : 0.004828731244346213}"
"{id : P_6818c0f16656a3b5, x0 : 271.27721475340127, f(x0) : 48.38618319965798, f'(x0) : 0.14203063407559033, f''(x0) : -0.0004599201703460561, kappa : -0.02279913681282567}"
"{id : P_2755c225e2381c2f, x0 : 5.317538648056896, f(x0) : -3210.1763217415632, f'(x0) : -2408.30299922807, f''(x0) : -1357.9781919039897, kappa : -0.00023413726582449136}"
"{id : P_6d138261d36c4960, x0 : 5.907815823511022, f(x0) : -1.294216628155614, f'(x0) : -18.982581367813342, f''(x0) : 46.841410839230164, kappa : 0.12999283850697585}"
"{id : P_6cc10a1afeed7f20, x0 : -8.586851259873182, f(x0) : 2571.5692183462306, f'(x0) : 5834.9001589980235, f''(x0) : -17341.824734312384, kappa : -0.0005093636327620419}"
"{id : P_3ab661537d1933b5, x0 : 7.366587273260194, f(x0) : -5.75700841783886, f'(x0) : 1.11727734891949, f''(x0) : 6.444256084374206, kappa : 5.162389893210852}"
"{id : P_82ce5362797b520, x0 : 341.6911230851656, f(x0) : 44.58623413753327, f'(x0) : -1.4327620788543358, f''(x0) : 0.05442757709466621, kappa : 0.026513730937827718}"
"{id : P_2acd27603a6bd44, x0 : -2.05762186203728, f(x0) : 625.9855593310934, f'(x0) : -2126.397453431714, f''(x0) : 6196.69003413301, kappa : 0.001370474268433762}"
"{id : P_79db32a3bd518916, x0 : 2.745936143933619, f(x0) : 2.7623410983252783, f'(x0) : 2.3610823964592718, f''(x0) : -2.8355237602912404, kappa : -0.5086405782794563}"
"{id : P_2786bd386db8eee5, x0 : 0.3521123818786762, f(x0) : 0.18603215098474446, f'(x0) : 0.6019109493509245, f''(x0) : -0.32042031502117, kappa : -0.8844138922187963}"
"{id : P_102f0fbbbbba0a43, x0 : 0.147690055748661, f(x0) : -2.8672732944773096, f'(x0) : 63.14974185896615, f''(x0) : 1077.5650307553062, kappa : 0.2702093233831175}"
"{id : P_130f7768a2912490, x0 : 312.1174097206145, f(x0) : 57.558724689390004, f'(x0) : 0.012677475006807225, f''(x0) : -0.00016679785308867402, kappa : -1.0378269170105496}"
"{id : P_183f67c9b3beb5d2, x0 : 1.400785032543725, f(x0) : 0.016219918988525737, f'(x0) : -0.0630248270902306, f''(x0) : 0.24463744905408927, kappa : 61.58849814276365}"
"{id : P_24f11bb7ac3b4e95, x0 : 206.77498707158782, f(x0) : 27.991422493228644, f'(x0) : 0.019300533657699077, f''(x0) : -0.0002926223559610043, kappa : -0.7855410191704334}"
"{id : P_4747865f8b74b87b, x0 : 1.2490806303863975, f(x0) : -4.17805792030178, f'(x0) : 0.5222381658834155, f''(x0) : -0.0652773865532181, kappa : -0.23934565271124106}"
"{id : P_7fdfc673e2688828, x0 : 0.21227106618324287, f(x0) : 15.4698727039119, f'(x0) : -382.22759096134575, f''(x0) : -3276.3463377085686, kappa : -0.022425686036291064}"
"{id : P_5c72070d7a6203ce, x0 : 80.0403227070222, f(x0) : 2.076210967057921, f'(x0) : 0.013245408158513586, f''(x0) : -0.00020212632662551167, kappa : -1.152105346467592}"
"{id : P_63a4f2859f89e33e, x0 : -1.7188948701481053, f(x0) : -844.1591354193599, f'(x0) : 2219.59605159904, f''(x0) : -191.19507538801918, kappa : -3.8808674947885246e-05}"
"{id : P_6b0f998422a4ec30, x0 : 0.024280625907262987, f(x0) : 0.01115125576477817, f'(x0) : 0.4493310937225131, f''(x0) : -0.8273213747153203, kappa : -4.097710751873317}"
"{id : P_475b723357e04ef1, x0 : 271.0035570802525, f(x0) : 5926.207179440234, f'(x0) : -170.11784209261188, f''(x0) : 6.138872510022019, kappa : 0.00021212354865533193}"
"{id : P_5c8f8531e039a39b, x0 : 1151.2167055644159, f(x0) : 67.6499620312295, f'(x0) : 0.01416204253177889, f''(x0) : -2.3349598725594286e-05, kappa : -0.11642001012751849}"
"{id : P_14893a1c35c59d9, x0 : 0.4537390491441826, f(x0) : 0.16885570931529298, f'(x0) : 0.16702719162830776, f''(x0) : -0.7543231728311102, kappa : -27.0385309189}"
"{id : P_23d9cac8afd9998f, x0 : 1.407338391568464, f(x0) : 0.10491983620053899, f'(x0) : -0.013645952138562683, f''(x0) : 0.09955851625612698, kappa : 534.6514243640694}"
"{id : P_287e8cb7c80d3092, x0 : 766.8715757124587, f(x0) : 78.59932057317843, f'(x0) : 0.06493613154104384, f''(x0) : -8.893032456023325e-05, kappa : -0.021090022928882554}"
"{id : P_7e7ee7e7bb056614, x0 : 4.316091366115302, f(x0) : -0.9897107949030817, f'(x0) : -0.7747399013692394, f''(x0) : 4.521958184690318, kappa : 7.533810534718364}"
"{id : P_43730821cebe51c1, x0 : 0.20594257264211535, f(x0) : -1.0516018304779673, f'(x0) : -1.1795419923999348, f''(x0) : -13.062248817740349, kappa : -9.388390362033036}"
"{id : P_19e753da899c8060, x0 : -0.8811182604977539, f(x0) : 7.6183513084675, f'(x0) : -0.12961564538223364, f''(x0) : 0.2729379877147379, kappa : 16.24610037069085}"
"{id : P_cf95914ac69cebd, x0 : 664.9424148956095, f(x0) : 62.70030477538647, f'(x0) : 0.05539540664714247, f''(x0) : -0.00011504805994556075, kappa : -0.03749141138439721}"
"{id : P_3a470049daf73850, x0 : 0.21349129973798853, f(x0) : 0.04970128622475509, f'(x0) : 0.2209592038805909, f''(x0) : -0.20395071304286852, kappa : -4.177351643371727}"
"{id : P_36a4f341dec61016, x0 : 0.21879397398792322, f(x0) : 0.4683770937833193, f'(x0) : -43.74178181445206, f''(x0) : 592.3868486069547, kappa : 0.30960820989210797}"
"{id : P_7d396056c0206f06, x0 : 7.694536840723146, f(x0) : -0.24914547670399134, f'(x0) : -4.749127945523037, f''(x0) : 10.001102215625595, kappa : 0.4434249502574795}"
"{id : P_62515f67253729bb, x0 : -4.791678721056218, f(x0) : 214.7133327440016, f'(x0) : 410.609103251982, f''(x0) : -786.3745956863683, kappa : -0.0046641480553379295}"
"{id : P_124b93cdb1863207, x0 : 3.213041966740782, f(x0) : -12.937874378259366, f'(x0) : -5.814707911124212, f''(x0) : -0.34615773540950556, kappa : -0.010238073272585088}"
"{id : P_4d5273c59b2d9768, x0 : 4.616123939024709, f(x0) : -2.8529924178731925, f'(x0) : 0.32692840159446984, f''(x0) : -0.03746318395363698, kappa : -0.3505091684559981}"
"{id : P_22a97b2fdc1bf2b9, x0 : 7.184615360399789, f(x0) : 0.208302305083081, f'(x0) : -0.0624561805714524, f''(x0) : 0.295060555165528, kappa : 75.64153113769933}"
"{id : P_42050258b8771095, x0 : 2.501621422501172, f(x0) : -2.8552564702552945, f'(x0) : 0.30003258139647404, f''(x0) : -0.03152765814112068, kappa : -0.3502312350633034}"
"{id : P_2d5a883d2929d915, x0 : -6.161098078049832, f(x0) : -5.537214841235519, f'(x0) : -4.921724270819065, f''(x0) : 20.858134015700006, kappa : 0.8610748293760703}"
"{id : P_d0f43b667edc090, x0 : 2.166143989631692, f(x0) : 0.14761774881085687, f'(x0) : -0.02495606228654859, f''(x0) : 0.07372851719280865, kappa : 118.38137440032277}"
"{id : P_1f8ee3cff5b90a74, x0 : -3.254925875518751, f(x0) : 13396.241727403723, f'(x0) : -20821.854962419962, f''(x0) : 24537.683573292845, kappa : 5.6597171531729996e-05}"
"{id : P_8fad95fdd3f1c6c, x0 : 102.24915879778467, f(x0) : 11.070043543647799, f'(x0) : 0.010709236208390973, f''(x0) : -0.0003801363622828248, kappa : -3.3145335476043516}"
"{id : P_46c9bcfe5de8ccc4, x0 : 60.6821571030066, f(x0) : 4.583111224232248, f'(x0) : 0.021031304292108626, f''(x0) : -0.0007543829483881688, kappa : -1.7055303387800573}"
"{id : P_48fdd7f669bc0a9d, x0 : 101.56913895285837, f(x0) : 16.03250310690739, f'(x0) : 0.03558174205366041, f''(x0) : -0.0008716026734112615, kappa : -0.6884368990097546}"
"{id : P_f3c151a17304418, x0 : -2.292667631157805, f(x0) : 20043.0380511394, f'(x0) : -87493.22582124211, f''(x0) : 343501.45047976205, kappa : 4.487244327996114e-05}"
"{id : P_5480883cc302f1da, x0 : 6.812707154548264, f(x0) : -0.6193249580788279, f'(x0) : -0.988574214510215, f''(x0) : 0.1646372345565272, kappa : 0.16846493000573035}"
"{id : P_157ac4730b0de7b3, x0 : 7.647260901620108, f(x0) : 0.9162444652126122, f'(x0) : -0.7244742100741433, f''(x0) : -0.4181734718057266, kappa : -0.79672898750081}"
"{id : P_322371a08959d59e, x0 : -1.2655232746874354, f(x0) : -0.15282029750637127, f'(x0) : 1.5646257253745826, f''(x0) : -2.0268994622528096, kappa : -0.8279636573961238}"
"{id : P_39f77dd24a4c181e, x0 : -3.348789435007866, f(x0) : 1.4686030465612765, f'(x0) : -11.532222674072116, f''(x0) : -7.31660060960682, kappa : -0.05501527774546066}"
"{id : P_639af7495bdb8633, x0 : 294.7746920550783, f(x0) : 2731.1665506412132, f'(x0) : -140.82882639619172, f''(x0) : 8.217145162410251, kappa : 0.00041432185174801245}"
"{id : P_1ee73b659afbaf7a, x0 : 882.3703906291566, f(x0) : 99.43335950274819, f'(x0) : 0.04309789751009028, f''(x0) : -8.36873487327288e-05, kappa : -0.04505548212337605}"
"{id : P_63833f6b691dd7bd, x0 : 1.6670120370256818, f(x0) : 0.07980789315703572, f'(x0) : 0.01238216064273451, f''(x0) : 0.009658934542808174, kappa : 62.99939149514207}"
"{id : P_668ff5f87e3d2e6, x0 : -0.8108441062203724, f(x0) : 2.88321832402172, f'(x0) : 33.637653889953846, f''(x0) : -452.42422418095435, kappa : -0.3998475645043183}"
"{id : P_5a42e42dde67eb3d, x0 : 1.3188124776812433, f(x0) : -1.5873177956860876, f'(x0) : -5.063418534767157, f''(x0) : -10.958273562131247, kappa : -0.4274196495785143}"
"{id : P_5d5ccb30b5a01d70, x0 : 270.72653924280837, f(x0) : 8083.83927789171, f'(x0) : -294.7257260535582, f''(x0) : 12.922591631899902, kappa : 0.00014876937135851925}"
"{id : P_8f1359c5fc91f4, x0 : -2.0731604144493048, f(x0) : -12164.615258361586, f'(x0) : 64532.67577501203, f''(x0) : -311278.3836914198, kappa : -7.474628573069874e-05}"
"{id : P_2c4a2fd8a510c8e3, x0 : 7.503154199534599, f(x0) : -0.08420591366343248, f'(x0) : -10.714854698803686, f''(x0) : -1.3746526214964527, kappa : -0.011973479982651128}"
"{id : P_79160d2961d745d, x0 : 0.10754567600793896, f(x0) : -16.790263843127537, f'(x0) : 115.69791858870005, f''(x0) : 7638.8207826675025, kappa : 0.5706571050865505}"
"{id : P_412fdc22097d184, x0 : -4.372140446186606, f(x0) : -14.41223597141288, f'(x0) : -0.4676265607030583, f''(x0) : -1.2782768115516627, kappa : -5.8455660142709815}"
"{id : P_208e6fdb6084382a, x0 : 1663.5136609242172, f(x0) : 87.82207148627914, f'(x0) : 0.011529211469936676, f''(x0) : -1.709747641263035e-05, kappa : -0.1286271961878836}"
"{id : P_3e3bdb4d89f9ef09, x0 : 4.194393182326317, f(x0) : 3.3715025929566425, f'(x0) : -0.262108701106401, f''(x0) : -0.1960418102700547, kappa : -2.8535522403556466}"
"{id : P_356900fc301cae8f, x0 : 320.43246389446176, f(x0) : 19.382813998827103, f'(x0) : 0.09447751164981977, f''(x0) : -0.00013016479101667623, kappa : -0.014582656059843727}"
"{id : P_1e7442839f1fd33, x0 : 12.460818755376934, f(x0) : 40.90245816178653, f'(x0) : 1.8286295876534666, f''(x0) : -0.15771630668442324, kappa : -0.047165572845757404}"
"{id : P_38a74833335b6c8f, x0 : 0.256083741147874, f(x0) : 0.0635674272538484, f'(x0) : 0.19333985704752488, f''(x0) : -0.37972262649106336, kappa : -10.158362110745873}"
"{id : P_cbff7d24319c22b, x0 : 339.21734805363326, f(x0) : 74.28710412753402, f'(x0) : 0.06727751923082084, f''(x0) : -0.00037549011422583113, kappa : -0.08295805656959061}"
"{id : P_55d39f3bb8bd9cf1, x0 : 4.868144618448023, f(x0) : 0.5093836236344463, f'(x0) : 0.45281245256669594, f''(x0) : 0.06539153006032004, kappa : 0.31892221812828925}"
"{id : P_518d8442ab0ada6b, x0 : 1412.312709754, f(x0) : 71.614111765162, f'(x0) : 0.011779978175835655, f''(x0) : -2.293869308110203e-05, kappa : -0.16530260546257386}"
"{id : P_adf6115c7484d3e, x0 : 2.0453511329004765, f(x0) : -0.18586714161208553, f'(x0) : 0.10735778192941314, f''(x0) : 0.10422637154358311, kappa : 9.04295893198888}"
"{id : P_758afeee62d4c4f6, x0 : 9.533673911882232, f(x0) : 2.9642858960763165, f'(x0) : 0.17023304523154936, f''(x0) : -2.6832442233133853, kappa : -92.59178717378259}"
"{id : P_5f0de3c500ec67, x0 : 1.5331834032816225, f(x0) : -4.338884070144708, f'(x0) : 8.715300675105205, f''(x0) : 6.4627206423278505, kappa : 0.08508453585048721}"
"{id : P_78c152c28f50d20a, x0 : -0.6483811290496853, f(x0) : 2.0343676899274317, f'(x0) : -4.088260648758016, f''(x0) : 16.830377580626426, kappa : 1.0069704031842848}"
"{id : P_53a1b953ad54c111, x0 : 2.99002247570008, f(x0) : -37070.34283802192, f'(x0) : -75242.59111754679, f''(x0) : -123175.10121883209, kappa : -2.1756821170808e-05}"
"{id : P_607e124025d061e9, x0 : 1.5777212189359506, f(x0) : 0.01870693294935884, f'(x0) : -0.043911909659866064, f''(x0) : 0.0836700102953552, kappa : 43.391550987410874}"
"{id : P_49e5fb475197a39d, x0 : -2.706454862298635, f(x0) : -56263.44215939884, f'(x0) : 245016.49878556587, f''(x0) : -983563.6641368319, kappa : -1.638369358207257e-05}"
"{id : P_4aad8125b3b20791, x0 : 2.80366088244498, f(x0) : 0.10911972131367031, f'(x0) : -4.99589066607162, f''(x0) : -13.304713013351172, kappa : -0.5330643762786919}"
"{id : P_3888e8b63c761903, x0 : 0.09201619143947859, f(x0) : -3.3432512300418193, f'(x0) : 6.520217898212429, f''(x0) : -8.729096813062267, kappa : -0.20532654103420966}"
"{id : P_44207a46a3c64d6a, x0 : 0.20781406391980695, f(x0) : 0.003217331499867966, f'(x0) : -0.21062927745466858, f''(x0) : 9.821324277713465, kappa : 221.37703925363118}"
"{id : P_62ec84005831faf4, x0 : 0.03912442860729293, f(x0) : -10.009056265320643, f'(x0) : 443.93503888285755, f''(x0) : 3327.648966540646, kappa : 0.016884906405137956}"
"{id : P_421a5658dcc43d99, x0 : 2.099238617866199, f(x0) : -0.011062042098114974, f'(x0) : 0.0349870523112508, f''(x0) : -0.09779921396609761, kappa : -79.8951939914785}"
"{id : P_188a3c619fb6985c, x0 : 9.695812106801945, f(x0) : 0.7561531565180984, f'(x0) : -0.7740896103789264, f''(x0) : -1.1676892131802394, kappa : -1.9486991301519478}"
"{id : P_4ed8cef90a6249b8, x0 : 0.31250738684392765, f(x0) : 0.07056628974737514, f'(x0) : -42.46780255685123, f''(x0) : 578.98533278237, kappa : 0.32103174759820785}"
"{id : P_296c893417f4640f, x0 : 0.031710171130898385, f(x0) : 8.264689010136827, f'(x0) : -293.29956896860733, f''(x0) : 3567.2663749153908, kappa : 0.04146796188628888}"
"{id : P_765f2b0fd4e952c3, x0 : -0.3844436392052941, f(x0) : 2.6057249042690445, f'(x0) : -1.1864453854854413, f''(x0) : -0.6212783555467203, kappa : -0.4413577130249665}"
"{id : P_2562d5e957be719a, x0 : -2.118355670427082, f(x0) : -2.7495171165861136, f'(x0) : 1.3279946538744158, f''(x0) : 2.346787673866403, kappa : 1.3307030279774514}"
"{id : P_13df4c46a7fbd712, x0 : 0.26751332258922034, f(x0) : 5.876130162730314, f'(x0) : -0.9344570338034239, f''(x0) : -3.825552559398118, kappa : -4.381022648736402}"
"{id : P_6c5968946a545770, x0 : 330.01615550670476, f(x0) : 1611.3365636952606, f'(x0) : -32.07101764052893, f''(x0) : 0.832681416499291, kappa : 0.0008095681073837021}"
"{id : P_58e8d15798883bbe, x0 : 1097.171778704756, f(x0) : 57.20489549491041, f'(x0) : 0.0169095580227662, f''(x0) : -3.610409895937264e-05, kappa : -0.12626762108733955}"
"{id : P_55824139ae220ee5, x0 : 0.886860656102022, f(x0) : 2.460111030847156, f'(x0) : -4.402949272586148, f''(x0) : -26.87240568949573, kappa : -1.3861785800388233}"
"{id : P_287fc41ced057337, x0 : 9.595691119422959, f(x0) : -25.802217642114897, f'(x0) : -13.90293963276342, f''(x0) : 18.27889851962824, kappa : 0.09456637632013852}"
"{id : P_5e9b1660facde882, x0 : 1.7828525640559043, f(x0) : 0.10936797756374236, f'(x0) : -0.028992761677890836, f''(x0) : 0.050208747723538186, kappa : 59.7310595096936}"
"{id : P_6111d476e6d15e6, x0 : 90.66315322401357, f(x0) : 56.64911571796535, f'(x0) : 0.04450319147655422, f''(x0) : -0.0019932235952248925, kappa : -1.0064071322660675}"
"{id : P_53d1edba8427a44f, x0 : 3.6322631395169296, f(x0) : -5106.910269270349, f'(x0) : -1448.7388187302045, f''(x0) : 14533.494544247102, kappa : 0.006924522929013512}"
"{id : P_1734ad262facf71f, x0 : 3.1762608261130403, f(x0) : 3.0626056835988664, f'(x0) : -0.3128479648424092, f''(x0) : 0.031957705045145016, kappa : 0.326519344411619}"
"{id : P_5e38b148e9be78a5, x0 : 1.587121796614749, f(x0) : -2.786002722887355, f'(x0) : 6.449391558067649, f''(x0) : 5.922850113432423, kappa : 0.14239451237637127}"
"{id : P_700de3d34f6e6407, x0 : 1.5119155523997634, f(x0) : 88.16349396643506, f'(x0) : 489.3174741519728, f''(x0) : 2596.135795111457, kappa : 0.01084291253955467}"
"{id : P_70348585e4caf9dd, x0 : 0.1450489223084975, f(x0) : 0.05444652832565239, f'(x0) : -3.1613252609066063, f''(x0) : 148.15421739286026, kappa : 14.824349844446159}"
"{id : P_26c7c3501361a0b9, x0 : -0.7777192693094115, f(x0) : -5.547555910945612, f'(x0) : 6.414906239792112, f''(x0) : -46.988227543578624, kappa : -1.1418483718093022}"
"{id : P_71c07a846ad6db09, x0 : 223.548706400456, f(x0) : 22.869927973031537, f'(x0) : 0.11747842257208753, f''(x0) : -0.00029697079692877836, kappa : -0.02151778339803624}"
"{id : P_1ed02a5809cee69e, x0 : 140.90944941798955, f(x0) : 40.483490617127615, f'(x0) : 0.09726989643068673, f''(x0) : -0.0012976429429051041, kappa : -0.13715078645786008}"
"{id : P_4049e84ae5dda77c, x0 : 18.46140686616605, f(x0) : 29.85162911096108, f'(x0) : 0.48188289297203163, f''(x0) : -0.05415175028878377, kappa : -0.23320050175317042}"
"{id : P_188756fcc1d8a479, x0 : -1.4834606698309507, f(x0) : -71.06400311076965, f'(x0) : 378.0115536074366, f''(x0) : -1790.7012978850364, kappa : -0.012531786882915865}"
"{id : P_4670546aef927444, x0 : -6.847768630179768, f(x0) : -36.05581960579873, f'(x0) : -4.501735750775062, f''(x0) : -5.102791046609536, kappa : -0.2517953976041325}"
"{id : P_4c5b6ecfc09ac172, x0 : 29.301674049002713, f(x0) : -8.303498053042802, f'(x0) : 0.37475314629963674, f''(x0) : -0.0009955064645169468, kappa : -0.0070884863778623375}"
"{id : P_975a145410dd91, x0 : -4.192753272101406, f(x0) : 214.32846917225916, f'(x0) : -159.93616252071422, f''(x0) : 82.29182688787782, kappa : 0.0032170911130251522}"
"{id : P_720ee5e51da2031b, x0 : 0.1970434504092773, f(x0) : 7.861711438193061, f'(x0) : 39.93620056434963, f''(x0) : -1272.9260670303163, kappa : -0.798122750538843}"
"{id : P_48693bd23f9d714d, x0 : 423.23577891693276, f(x0) : 45.71266839840416, f'(x0) : 0.09367496698005646, f''(x0) : -9.722695314699599e-05, kappa : -0.011079995369348701}"
"{id : P_410f1793eb3e1023, x0 : 2.5391143512471945, f(x0) : -1.6942601902855627, f'(x0) : 0.5391174776953305, f''(x0) : -0.1715484176651683, kappa : -0.5902281159256023}"
"{id : P_3b62c8dc978c8dda, x0 : 127.15259559949243, f(x0) : 10.91989282023905, f'(x0) : 0.03602734361423729, f''(x0) : -0.0004371338143102422, kappa : -0.33678281222007034}"
"{id : P_338e8a442fc6b355, x0 : 14.828640407757462, f(x0) : 14.105177750239939, f'(x0) : 0.5352227104010592, f''(x0) : -0.0048930132218376774, kappa : -0.017080765223424242}"
"{id : P_46590e06d4a4b95a, x0 : 4.654582357278546, f(x0) : 0.37770049666482997, f'(x0) : -0.10674059936353009, f''(x0) : 0.030165582658993006, kappa : 2.6476004369340194}"
"{id : P_b0ba1e9ddd17d6e, x0 : 137.5329417588436, f(x0) : 56.2932826619095, f'(x0) : 0.14211708413332722, f''(x0) : -0.0019021747294313443, kappa : -0.09417981457798519}"
"{id : P_4b04dc8f8246a3a3, x0 : 0.6626423888779271, f(x0) : -3.810869085505929, f'(x0) : 5.984032046185876, f''(x0) : 31.22658972004276, kappa : 0.8720406619769457}"
"{id : P_4129cdbf47ff74e, x0 : 0.054816184770778376, f(x0) : 1.528538462241262, f'(x0) : -137.5256469995653, f''(x0) : 3117.519418313519, kappa : 0.164832093171365}"
"{id : P_6ccfe50efde89153, x0 : 757.4759198860838, f(x0) : 39.78400963212117, f'(x0) : 0.018979852424346945, f''(x0) : -1.9988507598184116e-05, kappa : -0.055487442374765744}"
"{id : P_106fb4d82bf7375e, x0 : -5.539176519065322, f(x0) : -0.04221098321743858, f'(x0) : 2.1665323583956457, f''(x0) : 5.244872984570916, kappa : 1.1173895761313821}"
"{id : P_5658f9514bfb2843, x0 : 2.741918719448819, f(x0) : 4.715199904306448, f'(x0) : -29.288944537251943, f''(x0) : -23.6329899547189, kappa : -0.027549341788314904}"
"{id : P_34cf9a94b2172309, x0 : 3.7118349579222887, f(x0) : 0.213273987110705, f'(x0) : -0.04315570150951526, f''(x0) : 0.07555087529076097, kappa : 40.56608898740148}"
"{id : P_55dbffa8b6830036, x0 : 0.7806619947384972, f(x0) : 2.7548484262396964, f'(x0) : -0.6926662514834354, f''(x0) : 0.17416077464523566, kappa : 0.36299637775896687}"
"{id : P_5c731d321e4f92bd, x0 : 127.95995362091821, f(x0) : 37.301065376229005, f'(x0) : 0.0731712273078935, f''(x0) : -0.0013327714503736858, kappa : -0.24892871768313968}"
"{id : P_36dd4c16177b360e, x0 : -0.9341477255019868, f(x0) : -16.315868904212575, f'(x0) : 145.2751198975141, f''(x0) : -1329.4600219526474, kappa : -0.06299307329676224}"
"{id : P_7f45f3e8963ab640, x0 : 286.6215364999433, f(x0) : 1284.5413872523736, f'(x0) : -57.763993855163, f''(x0) : 3.0006324700446068, kappa : 0.0008992871302709428}"
"{id : P_7c86d04726b936e3, x0 : -1.382425433366734, f(x0) : 34.445871635464435, f'(x0) : -273.86688097810156, f''(x0) : 2004.4695609107473, kappa : 0.026725167397646465}"
"{id : P_78b855dc80263a31, x0 : 3.7994480218182645, f(x0) : -3.020427250201908, f'(x0) : 0.07581959445977993, f''(x0) : 0.35738549687241644, kappa : 62.16901836596946}"
"{id : P_5d24e883b7112af2, x0 : 0.9900486417256342, f(x0) : 0.19092803451266085, f'(x0) : -0.569527639063653, f''(x0) : 1.6971926325039124, kappa : 5.232407114833256}"
"{id : P_6f91b5f2d0457e24, x0 : 1170.7989619095697, f(x0) : 80.69343536849848, f'(x0) : 0.01856270167458142, f''(x0) : -3.1677966092391065e-05, kappa : -0.09193373814349536}"
"{id : P_2ad19bb50783d979, x0 : 0.38795124428365824, f(x0) : 0.1661608868315674, f'(x0) : 3.5182380896804935, f''(x0) : -107.82785022726031, kappa : -8.711250340218934}"
"{id : P_1f97e475c99b051f, x0 : 242.45648943998117, f(x0) : 103.07496896851237, f'(x0) : 0.15054868676687885, f''(x0) : -0.0009353915800359956, kappa : -0.04127047935541484}"
"{id : P_42e52188c68bc46a, x0 : 8.02159079254136, f(x0) : 2.5837569463094856, f'(x0) : 10.665949546212032, f''(x0) : 2.049182330236876, kappa : 0.018012813497370155}"
"{id : P_15b7517656d89fc6, x0 : 802.3277400639377, f(x0) : 133.1086796449149, f'(x0) : 0.011541757954273353, f''(x0) : -6.111997081687422e-05, kappa : -0.4588166963593341}"
"{id : P_1d761400e609b42b, x0 : -0.09755701240127124, f(x0) : -1.9517868108697376, f'(x0) : 5.532594766132453, f''(x0) : 6.775994033010374, kappa : 0.2213682295818189}"
"{id : P_6ca305fe9daed22a, x0 : 3.8549361211283077, f(x0) : 0.7634043625965844, f'(x0) : 261.7918729379981, f''(x0) : -125267.29050682217, kappa : -1.827786071429856}"
"{id : P_9f5ec4e8dd05056, x0 : 3.975184184451086, f(x0) : 0.21274084583818603, f'(x0) : 0.07098337372704029, f''(x0) : 0.09713334918881614, kappa : 19.277694338698208}"
"{id : P_563a3add2adb8588, x0 : 257.928838781833, f(x0) : 6228.376783087018, f'(x0) : -294.65804444385554, f''(x0) : 16.224767489640815, kappa : 0.00018687098610297605}"
"{id : P_dce5b403cb9c51d, x0 : 3.2708112734711285, f(x0) : -0.14724536255060458, f'(x0) : 0.05508638325784404, f''(x0) : -0.020608524220157996, kappa : -6.7913853630284935}"
"{id : P_3d3172ce9768f7ff, x0 : 9.070911987654561, f(x0) : 33849.452308241904, f'(x0) : 14927.294968851436, f''(x0) : 4936.899815474424, kappa : 2.215603715254943e-05}"
"{id : P_5e05284159050d05, x0 : 1.6320207384956191, f(x0) : 1.6369721130213577, f'(x0) : 8.800796566806879, f''(x0) : 20.165448219728567, kappa : 0.260353796548856}"
"{id : P_7f22a699008cf2ce, x0 : -0.8439233091279341, f(x0) : -1.9573240846011897, f'(x0) : 8.505735035905879, f''(x0) : -80.99211428706293, kappa : -1.1194869536683936}"
"{id : P_574c455d7f646d6b, x0 : 1.4318609336588626, f(x0) : 1.6218485597914731, f'(x0) : 4.139358779454238, f''(x0) : 14.146376558417328, kappa : 0.8256178485407072}"
"{id : P_6cb470d3e1b79d99, x0 : 461.8876530910326, f(x0) : 109.09252259355291, f'(x0) : 0.01216087078242685, f''(x0) : -0.00011864580227918554, kappa : -0.8022745760899195}"
"{id : P_2ae0928e72108cf9, x0 : 0.3548127740927419, f(x0) : -3.507784224663965, f'(x0) : 35.03225741898757, f''(x0) : 579.2034132650912, kappa : 0.47194877773104044}"
"{id : P_e4f4d56b186673, x0 : 1.1471820091839326, f(x0) : -20.051148809157823, f'(x0) : -107.16782350750151, f''(x0) : -812.3788665972357, kappa : -0.07073425696303114}"
"{id : P_6a071ad852d09cba, x0 : 0.41364486636467035, f(x0) : -2.8420270286807, f'(x0) : -2.1044114472710542, f''(x0) : 37.447711334589854, kappa : 8.45598043181836}"
"{id : P_3f7555b82e1af69e, x0 : -6.682620807721737, f(x0) : 2.5107752061209774, f'(x0) : -1.268094612254476, f''(x0) : 1.5564715433160639, kappa : 0.9679164485634986}"
"{id : P_6767ed6c1274a770, x0 : 4.951304948939132, f(x0) : 4.556398760468321, f'(x0) : -0.20953299586478907, f''(x0) : -0.20939175149276162, kappa : -4.7693009139866405}"
"{id : P_1fee3a0950b85187, x0 : 3.0245438627668104, f(x0) : 0.426057746837849, f'(x0) : 0.010745644588536314, f''(x0) : -0.027669940457407075, kappa : -239.63115453251854}"
"{id : P_20e6ef3ef5f52d58, x0 : -0.9093105092155263, f(x0) : 3.1917021882571692, f'(x0) : -14.658363404919434, f''(x0) : 146.69943107237557, kappa : 0.6827433218434339}"
"{id : P_12e5b163956ba43f, x0 : -8.79306973369221, f(x0) : -0.120106018763944, f'(x0) : 1.189609179439004, f''(x0) : -2.086337344756611, kappa : -1.4742662330626681}"
"{id : P_582ba632776f0cb9, x0 : 50.292165623936754, f(x0) : 43.5299871314279, f'(x0) : 0.11839420573114103, f''(x0) : -0.007514188707898902, kappa : -0.5360696263988883}"
"{id : P_6f85859762544f0d, x0 : 0.4941957943360009, f(x0) : 0.047403492907015496, f'(x0) : 0.017531561675851796, f''(x0) : -0.17691044675524403, kappa : -575.5887161851726}"
"{id : P_14f7e1a6527471fe, x0 : 0.10574825248997488, f(x0) : 0.2745046358420743, f'(x0) : -2.2200222053274437, f''(x0) : -254.04579801450095, kappa : -51.54628600671566}"
"{id : P_4d180838d53f7742, x0 : 0.6144731274412294, f(x0) : 0.0024507827650810518, f'(x0) : -0.01284730217034712, f''(x0) : 0.06297550319626792, kappa : 381.5467587213411}"
"{id : P_4a5c0cf73ef5a0db, x0 : 1.2126642538982573, f(x0) : 0.15099160822929344, f'(x0) : -0.41113784982207563, f''(x0) : 1.1116154243201242, kappa : 6.576270122674761}"
"{id : P_14e4115c5c773209, x0 : -3.1108213217908727, f(x0) : 461.8701472078852, f'(x0) : -305.80660187514013, f''(x0) : 63.535685406147564, kappa : 0.0006793975955616786}"
"{id : P_1ff8ad2a8370aab1, x0 : -7.833985227267156, f(x0) : -3.1622349065403546, f'(x0) : 1.7047760166720398, f''(x0) : -11.166239650449606, kappa : -3.8421320812283475}"
"{id : P_376044d557994424, x0 : 9.130152304448416, f(x0) : 0.9894441871545875, f'(x0) : 1.124187482431099, f''(x0) : -2.909450067202956, kappa : -2.302148941746061}"
"{id : P_2467b7c6a099d36, x0 : 2.783431734761459, f(x0) : 0.013069578001469554, f'(x0) : -0.023798357188180932, f''(x0) : 0.04333436051206556, kappa : 76.51356454566162}"
"{id : P_6f707b41db8b53c3, x0 : 191.0342963297228, f(x0) : 126.88337496741858, f'(x0) : 0.07055111620075483, f''(x0) : -0.0012823450273213577, kappa : -0.25763040346880356}"
"{id : P_4dc45c43772b5583, x0 : 7.770411978929445, f(x0) : -29354.886910373578, f'(x0) : -27749.59307910771, f''(x0) : -18250.783951003155, kappa : -2.3701088177972335e-05}"
"{id : P_4fad171d53b00c3e, x0 : 0.9282223822577578, f(x0) : 0.19092965805065418, f'(x0) : -0.3728513037418011, f''(x0) : 0.6532995283750593, kappa : 4.699384851847237}"
"{id : P_2c29557313e9d96f, x0 : -0.3535693542199283, f(x0) : -1.304112686552454, f'(x0) : 0.8605866573313283, f''(x0) : -0.03848777003802836, kappa : -0.05196770431143704}"
"{id : P_60ed17a9d7c1c9b, x0 : 10.471842732823703, f(x0) : 4.235915240252797, f'(x0) : 0.23184739730315954, f''(x0) : -0.02271959491230334, kappa : -0.4226648516443752}"
"{id : P_20f55c0c549a3068, x0 : -1.7187035079733626, f(x0) : 137.1590741973844, f'(x0) : -540.9445558078949, f''(x0) : 1889.7153548399801, kappa : 0.006457893570134221}"
"{id : P_2f6295a2ad6e1d2b, x0 : 4.954861738369489, f(x0) : 2.173998925191803, f'(x0) : -0.02856298558313034, f''(x0) : 0.028561464603660033, kappa : 35.008481416364816}"
"{id : P_53de151289f71833, x0 : 22.66689081419034, f(x0) : 11.98369624612304, f'(x0) : 0.34230371971363577, f''(x0) : -0.012299035467434051, kappa : -0.10496579922007951}"
"{id : P_322aebbf8cf96037, x0 : 5.036062347558456, f(x0) : 0.5728533126034154, f'(x0) : 0.3807865827907294, f''(x0) : -0.3449752593727119, kappa : -2.379165617711456}"
"{id : P_457d86c5f5b1a7af, x0 : 3.291228213893042, f(x0) : -7.761809169168464, f'(x0) : 0.9853272366529997, f''(x0) : 1.12360258344647, kappa : 1.1573154566464492}"
"{id : P_2aa89af5cf835080, x0 : 254.51438453498525, f(x0) : 22629.216676820863, f'(x0) : -1383.3351730247161, f''(x0) : 95.43435011644556, kappa : 4.987120723068655e-05}"
"{id : P_4bf36ea43239385d, x0 : -1.5644492252669409, f(x0) : 5.931797901261172, f'(x0) : 10.334907297872707, f''(x0) : -6.388082116074745, kappa : -0.05980773002641191}"
"{id : P_4a6a73a28bc81b97, x0 : 334.49876654825806, f(x0) : 307.5499730474327, f'(x0) : -10.703136070995903, f''(x0) : 0.43647802217821713, kappa : 0.0038101343285714168}"
"{id : P_44950a809fe20184, x0 : 104.61117283509921, f(x0) : 23.206559580184006, f'(x0) : 0.024687326549857582, f''(x0) : -0.0008193389398723067, kappa : -1.3443596602099062}"
"{id : P_603f7f1079581d1a, x0 : -1.3880062349758404, f(x0) : 1672.071226486996, f'(x0) : -14225.919224914456, f''(x0) : 108135.6975751236, kappa : 0.0005343285862832894}"
"{id : P_3911f4366007559e, x0 : 0.27939883386341513, f(x0) : 0.19170664894208023, f'(x0) : 0.560840247340634, f''(x0) : -50.02068301081577, kappa : -159.0271490414846}"
"{id : P_559856b1a0a34d54, x0 : -1.8099506882130747, f(x0) : 306.2069095353175, f'(x0) : -1299.1577439127523, f''(x0) : 4142.659144875736, kappa : 0.0024544570030828063}"
"{id : P_38b981bac02a29d3, x0 : -3.1740226783705126, f(x0) : 5.88358192779523, f'(x0) : -7.471909329094757, f''(x0) : -35.6247842920078, kappa : -0.6381004591294227}"
"{id : P_155c32f4ae9512d2, x0 : 1385.0986781783129, f(x0) : 138.4280217144959, f'(x0) : 0.01106450020295874, f''(x0) : -2.7961789049230582e-05, kappa : -0.22840276273141866}"
"{id : P_3a7e758a0243d768, x0 : 1.1761376603160016, f(x0) : 1.104724628384493, f'(x0) : 20.13202291731013, f''(x0) : -51.35723745916468, kappa : -0.12671464828776524}"
"{id : P_568fe0decd2380f0, x0 : 2.219663479253768, f(x0) : -10.63147038518033, f'(x0) : 3.795169287967991, f''(x0) : 14.79896417048348, kappa : 1.0274696752500982}"
"{id : P_136202a179685817, x0 : 36.645333582505856, f(x0) : 6.3323803609338825, f'(x0) : 0.10602716579699067, f''(x0) : -0.0026288099840863443, kappa : -0.2338432781454211}"
"{id : P_515e30cd4bf3a203, x0 : 38.698798452697645, f(x0) : 28.06544662524376, f'(x0) : 0.4279318158788543, f''(x0) : -0.010795322610137065, kappa : -0.05895036143845523}"
"{id : P_759229abcd28b540, x0 : -5.820215577218203, f(x0) : -169.26693398763615, f'(x0) : 158.6569276760161, f''(x0) : -170.69166916962047, kappa : -0.006781007818430049}"
"{id : P_1bb643159da70f01, x0 : 0.8517012082272739, f(x0) : 0.007390233477403554, f'(x0) : 0.1920021644746643, f''(x0) : -0.7593059195851448, kappa : -20.59702691241782}"
"{id : P_362502cd6b5d9f66, x0 : 0.23026747968525285, f(x0) : -2.7758116333059806, f'(x0) : 13.359375743789176, f''(x0) : 101.53196865257587, kappa : 0.5688928522183343}"
"{id : P_48fcf25056008126, x0 : 0.5765002713283351, f(x0) : 0.6150764569871277, f'(x0) : -2.224048416295986, f''(x0) : 7.977660180769167, kappa : 1.6128243002487685}"
"{id : P_7173b244acf4dd62, x0 : 0.992129059594788, f(x0) : 0.31708256550253483, f'(x0) : 0.10238471816612811, f''(x0) : -0.2537607816900084, kappa : -24.20773882587288}"
"{id : P_538e8aa09f4aff15, x0 : 2.705647981811718, f(x0) : -1.701679322868078, f'(x0) : -177.28508170954566, f''(x0) : 48236.27005372512, kappa : 1.5347206411629988}"
"{id : P_7b328ce8f2c07e5d, x0 : 484.86089425337923, f(x0) : 80.55971629342254, f'(x0) : 0.051494803607383705, f''(x0) : -0.00018674915593289927, kappa : -0.0704258074941166}"
"{id : P_364c97fd44e6aa43, x0 : 3.28015421088417, f(x0) : 4.899819092572476, f'(x0) : 1.169285148972052, f''(x0) : -10.402037041880257, kappa : -7.608123056888007}"
"{id : P_208c5de0c569e162, x0 : 11.615800870347073, f(x0) : 16.86353196946903, f'(x0) : 1.2329810490399797, f''(x0) : -0.03378339815880636, kappa : -0.02222237789703781}"
"{id : P_77f74e2d53616cec, x0 : 0.2558030665041162, f(x0) : -1.0786911233617205, f'(x0) : 11.36190660983959, f''(x0) : 694.1398649800208, kappa : 5.377055962818848}"
"{id : P_379b87bd1f7bc45f, x0 : 9.760018424678556, f(x0) : 0.015906528004999455, f'(x0) : -0.01132632784907998, f''(x0) : 0.00789544118049159, kappa : 61.54576093724542}"
"{id : P_48f1993cdefbe1d4, x0 : 4.2566194704460685, f(x0) : 0.31668673291062477, f'(x0) : -0.07334377037708636, f''(x0) : 0.01698621411666436, kappa : 3.157694642933525}"
"{id : P_6988dee1334a79b2, x0 : 3.676158099505317, f(x0) : -2.8911956908023035, f'(x0) : -3.5623213882346723, f''(x0) : 1.249073897994796, kappa : 0.09842874237369684}"
"{id : P_544de9b76fc3d5e3, x0 : 0.3399246323812797, f(x0) : 3.900359716634213, f'(x0) : -6.22488724802233, f''(x0) : -15.533295504541451, kappa : -0.40086729496027057}"
"{id : P_239b8a6efa241456, x0 : 109.37082032224212, f(x0) : 45.11728604043064, f'(x0) : 0.02178466112404106, f''(x0) : -0.000885275614788734, kappa : -1.8654210985402633}"
"{id : P_453ee61b4a392628, x0 : -9.56101704980831, f(x0) : 240.12731203770133, f'(x0) : -99.74673213127205, f''(x0) : 22.224054387198244, kappa : 0.0022337056279767096}"
"{id : P_136b07d75b5e6cd1, x0 : 1.0986850831730237, f(x0) : 0.008000772790897417, f'(x0) : -0.03891272695988396, f''(x0) : 0.18820347629085626, kappa : 124.29232372547659}"
"{id : P_4c4def8fd2ed777d, x0 : 2077.347529291944, f(x0) : 115.04577746476467, f'(x0) : 0.01345773796685425, f''(x0) : -1.6543839316482947e-05, kappa : -0.09134655376417003}"
"{id : P_59e860a961394ca4, x0 : 2.9263882367471483, f(x0) : -3.001381204368181, f'(x0) : 0.4633202563734484, f''(x0) : -0.0715222910217255, kappa : -0.3331799368052981}"
"{id : P_41e3a11acba034dd, x0 : -2.1499524373243872, f(x0) : 4541.566764063309, f'(x0) : -23210.958685089663, f''(x0) : 107957.51450329779, kappa : 0.00020038569731025123}"
"{id : P_75589d8ad93e2435, x0 : -4.5492788100784765, f(x0) : 3.9355260211469396, f'(x0) : 0.11607742277574587, f''(x0) : -9.660668628793582, kappa : -716.9876440765386}"
"{id : P_7ea296c3b3b11b90, x0 : 108.17026828848392, f(x0) : 84.85721026942572, f'(x0) : 0.09478545121789143, f''(x0) : -0.0029450656284228096, kappa : -0.32780201091748906}"
"{id : P_6c5fdc370e078504, x0 : 0.3850652946410129, f(x0) : 0.3619017547184327, f'(x0) : 0.3984175295580348, f''(x0) : -1.8077562073071496, kappa : -11.38840714036194}"
"{id : P_52cb00726dafd64c, x0 : 309.234928039878, f(x0) : 2288.8133926345226, f'(x0) : -55.725163716503914, f''(x0) : 1.7171331979557474, kappa : 0.0005529696283704547}"
"{id : P_345d4c06bd445e7e, x0 : 1.7071461114253417, f(x0) : 2395.9937898277167, f'(x0) : 12715.03678270282, f''(x0) : 59878.60186787159, kappa : 0.00037037051849309776}"
"{id : P_38ed4e2093bd8b7e, x0 : 9.793847264297803, f(x0) : 1.2260055656018087, f'(x0) : 5.537295283599638, f''(x0) : -17.968137432013187, kappa : -0.5860135982344704}"
"{id : P_24aa4e3ddc6cd617, x0 : 0.7072954729852032, f(x0) : -0.08349812962253902, f'(x0) : 0.39999105062676077, f''(x0) : -1.9126907914597253, kappa : -11.954852382819004}"
"{id : P_582d03877d226a0d, x0 : -5.9908541995284565, f(x0) : -6.194430680297126, f'(x0) : -0.6750056894576331, f''(x0) : 8.950941081235628, kappa : 19.645081352628466}"
"{id : P_1272cfcf0115978f, x0 : 0.16285939544728967, f(x0) : -26.812479532706945, f'(x0) : 46.12745398613887, f''(x0) : 157.4276529744113, kappa : 0.07398813020682782}"
"{id : P_37740b63bf052cfa, x0 : 192.98497430451062, f(x0) : 26.862657168752044, f'(x0) : 0.05317192172766655, f''(x0) : -5.6678431254534066e-05, kappa : -0.020047171596598336}"
"{id : P_77fbaa7742a665e9, x0 : 4.020936519488313, f(x0) : -0.5406901142009899, f'(x0) : 0.17477606943121576, f''(x0) : -0.05649571472370231, kappa : -1.8494882257608123}"
"{id : P_32b2e9a02c7ab470, x0 : 849.8517457201315, f(x0) : 44.77267872037721, f'(x0) : 0.02756047454266412, f''(x0) : -3.263061065158146e-05, kappa : -0.04295876812164461}"
"{id : P_553acee9367df3c4, x0 : -1.1915393806025136, f(x0) : 2.6846535289845703, f'(x0) : -2.218881213274087, f''(x0) : 5.013141617637877, kappa : 1.0182205716493034}"
"{id : P_26aaa5da622880bc, x0 : 38.60630513359588, f(x0) : 43.89716443054775, f'(x0) : 0.04359703218405083, f''(x0) : -0.0054742072931315035, kappa : -2.880098802057559}"
"{id : P_11d54e57b5b1b7d0, x0 : 281.43699892391936, f(x0) : 6553.308518449604, f'(x0) : -327.98307362339244, f''(x0) : 18.745825845055894, kappa : 0.00017426160715598252}"
"{id : P_13fb43469dd07931, x0 : 1205.636386036009, f(x0) : 114.90623536868912, f'(x0) : 0.012136650527331027, f''(x0) : -3.165179735686175e-05, kappa : -0.21488231948614148}"
"{id : P_113426327e1f73c0, x0 : -6.128594377668421, f(x0) : 30.704334117335897, f'(x0) : -16.13740657112544, f''(x0) : 33.43139456368276, kappa : 0.12837693758093924}"
"{id : P_4e82c8dd7a879094, x0 : 0.27798537975300763, f(x0) : 0.0008425490710145773, f'(x0) : -0.42260812687882354, f''(x0) : 14.303273903119862, kappa : 80.08658340478836}"
"{id : P_73c55251ad061a66, x0 : 158.9801280614239, f(x0) : 23.297849640773848, f'(x0) : 0.03291106738938343, f''(x0) : -0.000516173471245122, kappa : -0.47655358897424727}"
"{id : P_5c2926b2ab66bd1d, x0 : -5.9824561970490855, f(x0) : 18.863055882476502, f'(x0) : 1.8393769923747727, f''(x0) : -4.4360269233342855, kappa : -1.311150888525285}"
"{id : P_6ca88c5c98f9fe82, x0 : 3.5382369173188923, f(x0) : -3.2592545099276267, f'(x0) : -0.6753408378692206, f''(x0) : 0.1848111929536018, kappa : 0.4052119511651506}"
"{id : P_433a2e90dd54647c, x0 : 3.0795711285083662, f(x0) : 0.7466023328755165, f'(x0) : -0.2893238317332143, f''(x0) : 0.11211896336619974, kappa : 1.339401118864081}"
"{id : P_63ac521f304f6cac, x0 : 1580.6817747430032, f(x0) : 54.453179440538555, f'(x0) : 0.014821308646260616, f''(x0) : -1.5602260202676226e-05, kappa : -0.07102551865608066}"
"{id : P_b93a695eb979011, x0 : 1.4414557806604664, f(x0) : 0.09484204586215282, f'(x0) : -0.01071596817739712, f''(x0) : 0.0012107707392340428, kappa : 10.54384678134674}"
"{id : P_776e683825796c1, x0 : 124.22569833993225, f(x0) : 8.950804483036714, f'(x0) : 0.03447370007544149, f''(x0) : -0.00036888307706948065, kappa : -0.310393725900546}"
"{id : P_19db1995b3211367, x0 : 4.836071204733724, f(x0) : 0.43190641450178574, f'(x0) : -0.11133562971289475, f''(x0) : 0.02869978779515339, kappa : 2.315316388976356}"
"{id : P_2c2c65ca08f48299, x0 : 1.347424864641443, f(x0) : -0.003592204939469384, f'(x0) : 0.014372907260454535, f''(x0) : -0.055225357053780386, kappa : -267.33097709406877}"
"{id : P_52741cea490cbb53, x0 : 0.8717214970390437, f(x0) : 0.6559347434809844, f'(x0) : -0.1683296160083013, f''(x0) : 0.16722877557264737, kappa : 5.901874150177079}"
"{id : P_46a963189f2a723e, x0 : 8.214299187872086, f(x0) : 4.48995142601466, f'(x0) : 1.2982896042261205, f''(x0) : -1.1600610230967805, kappa : -0.6882364598799657}"
"{id : P_944be7bb2ee0d73, x0 : 3.659578259334067, f(x0) : -0.8163462366149028, f'(x0) : 0.09913459306805689, f''(x0) : -0.012038602129803488, kappa : -1.2249704293935915}"
"{id : P_1dc3cede2eaff440, x0 : 4.118283891531036, f(x0) : -0.8626827099199676, f'(x0) : -0.608795352549805, f''(x0) : 2.598361109533748, kappa : 7.010626828914644}"
"{id : P_77027e42c6f919b, x0 : 81.29549066871698, f(x0) : 6.160878722919122, f'(x0) : 0.03951507396204016, f''(x0) : -0.0005766922865880614, kappa : -0.3693333661991965}"
"{id : P_6b5d7290e16dbcdc, x0 : 0.17840602276493078, f(x0) : 2.182718642287097, f'(x0) : 54.11611662267933, f''(x0) : -2009.7156563302647, kappa : -0.686248436116827}"
"{id : P_3ee7ce4e6c5ecda1, x0 : 5.8891937040014355, f(x0) : 215.40876375881126, f'(x0) : 106.93602671535459, f''(x0) : 36.021380846367215, kappa : 0.0031500124479238996}"
"{id : P_2a2582ff07b4aeec, x0 : 0.13624004413189467, f(x0) : -0.14198644497154933, f'(x0) : 60.10992613746651, f''(x0) : -2285.343072848086, kappa : -0.632497795872356}"
"{id : P_11fa00850be3f21d, x0 : 1.5831934093292865, f(x0) : 3265.3045509237, f'(x0) : 17666.97401382627, f''(x0) : 85028.0562452008, kappa : 0.0002724193238490879}"
"{id : P_386dc27fa7cdd3a6, x0 : 7.636814454745661, f(x0) : 2.292001857714139, f'(x0) : 9.868159356336978, f''(x0) : -10.6308768082067, kappa : -0.10916835779885646}"
"{id : P_2a3e2d3c3244ac54, x0 : -0.7549447639442448, f(x0) : -4.649622566913962, f'(x0) : 9.762434400853486, f''(x0) : -53.77993667756219, kappa : -0.5642921766732961}"
"{id : P_602f2287b6e82748, x0 : 1043.415866512833, f(x0) : 104.18261748281857, f'(x0) : 0.014152841635605621, f''(x0) : -3.872909288599819e-05, kappa : -0.19335260642124458}"
"{id : P_5472cc9f26da60dd, x0 : -3.927299134445576, f(x0) : -2.344455308845683, f'(x0) : -10.55043999438259, f''(x0) : 3.7901764153618167, kappa : 0.03405009134348035}"
"{id : P_3b22eb17ea85738c, x0 : -4.018042589202032, f(x0) : 0.760636841517734, f'(x0) : 3.4485744242104035, f''(x0) : 2.291239315626895, kappa : 0.19265986285401493}"
"{id : P_3035e976410d85ff, x0 : 8.50807860001202, f(x0) : -0.3763314070976622, f'(x0) : -5.9695045944529666, f''(x0) : 7.384901952257639, kappa : 0.20723740815021413}"
"{id : P_39a7bcb71550a951, x0 : -0.7087942197536101, f(x0) : 0.6467344082132415, f'(x0) : -0.2898917470180108, f''(x0) : 12.780282066375284, kappa : 152.0788206419795}"
"{id : P_7629e81f67f5aa0a, x0 : 976.083284970472, f(x0) : 136.0892463001578, f'(x0) : 0.029519222795976192, f''(x0) : -7.58345975432331e-05, kappa : -0.08702770852959184}"
"{id : P_354050d2498557cd, x0 : 0.7098372717554309, f(x0) : 0.15238004606360062, f'(x0) : -0.15824195895704588, f''(x0) : -0.42323278195495917, kappa : -16.901918288817107}"
"{id : P_75fce041f1f7c7da, x0 : 318.48475925913294, f(x0) : 1367.7011439238831, f'(x0) : -52.89694707313162, f''(x0) : 2.3780110059071964, kappa : 0.0008498702855556009}"
"{id : P_350acba1d8e0b206, x0 : 1.112063282577421, f(x0) : -0.08835152457688994, f'(x0) : 0.12543798119764055, f''(x0) : -0.17809180272257524, kappa : -11.318420333739034}"
"{id : P_65fe3d8a702c966c, x0 : 0.6593421167865623, f(x0) : 1.9495095483631952, f'(x0) : -0.6804195786148005, f''(x0) : -8.018258650656643, kappa : -17.319145396105757}"
"{id : P_4fcdf184b3a38386, x0 : 7.690715391767856, f(x0) : 2.915456765595318, f'(x0) : -0.5986605658703693, f''(x0) : 0.06995567093470659, kappa : 0.1951918240370771}"
"{id : P_630a04c7034fd306, x0 : 1156.2994741875996, f(x0) : 95.42838328812168, f'(x0) : 0.017094243305501612, f''(x0) : -3.7030786526485966e-05, kappa : -0.1267252551632269}"
"{id : P_6df524809c0e17b4, x0 : -1.6192952519139148, f(x0) : -495.87481934505985, f'(x0) : 3067.586536317029, f''(x0) : -17029.986809789763, kappa : -0.0018097586689922837}"
"{id : P_5a895185bd87f531, x0 : 1759.3945791316928, f(x0) : 60.1498956390996, f'(x0) : 0.01514420057036955, f''(x0) : -1.625440862908148e-05, kappa : -0.0708726167335479}"
"{id : P_20c84a02474f56e, x0 : 0.5129070747764573, f(x0) : -2.1642994686726698, f'(x0) : 1.204334529454302, f''(x0) : 24.58588317906352, kappa : 16.950852208588607}"
"{id : P_7c1c1ecd62dd9284, x0 : 348.3829029200297, f(x0) : 708.152440882317, f'(x0) : -16.262970683808557, f''(x0) : 0.46684748257313213, kappa : 0.001765124174828012}"
"{id : P_7218b8ff6a526ad7, x0 : 953.6682754240796, f(x0) : 51.72964119270628, f'(x0) : 0.016573483196711217, f''(x0) : -4.020498931443023e-05, kappa : -0.1463700989405194}"
"{id : P_7b211214a5d60464, x0 : 1.6617112779065586, f(x0) : 0.4437331718932162, f'(x0) : -0.1384600298262088, f''(x0) : 0.5467897692578172, kappa : 28.52144590295453}"
"{id : P_105464a1b68181f1, x0 : -3.421871735576694, f(x0) : -98714.02369850672, f'(x0) : 201826.90055329422, f''(x0) : -353623.9022798397, kappa : -8.68127493898088e-06}"
"{id : P_11928912341dc577, x0 : 2.1413386229693288, f(x0) : 128.15723721874414, f'(x0) : 315.78180972946694, f''(x0) : 589.03978226134, kappa : 0.005907046753788378}"
"{id : P_467d1d96d1cd1751, x0 : 283.43124974469447, f(x0) : 1827.353426484245, f'(x0) : -61.524667806114564, f''(x0) : 2.5055991229636727, kappa : 0.000661931476583224}"
"{id : P_6a5b0a3f6462fe0f, x0 : -3.023257890791232, f(x0) : -0.6823325943379328, f'(x0) : -0.06752165562538648, f''(x0) : 0.5202478655459144, kappa : 114.11011468556784}"
"{id : P_353e7754b05b14c1, x0 : 2.554530331836262, f(x0) : 1.1114359124169655, f'(x0) : -0.15159803732516772, f''(x0) : 0.020677723892208597, kappa : 0.8997369878262859}"
"{id : P_5848060912b7e0f0, x0 : -1.116602418249684, f(x0) : -24.418345007088085, f'(x0) : 227.1982493426502, f''(x0) : -1834.5857327067652, kappa : -0.03554086966006562}"
"{id : P_2f1521d3dbc18a64, x0 : 4.196663936922693, f(x0) : 0.10376138031205133, f'(x0) : -0.09395348924347591, f''(x0) : 0.07574678881428645, kappa : 8.581009822547228}"
"{id : P_2e7c49e68c2f1e9c, x0 : 2.2861764132981577, f(x0) : 0.5834271557183537, f'(x0) : -0.5113599333921499, f''(x0) : 0.39671115870216833, kappa : 1.5171238055944432}"
"{id : P_4bd26061dc225ff9, x0 : 0.9007507380843176, f(x0) : 0.038037342061580395, f'(x0) : -0.18123993155369406, f''(x0) : 0.8632069206030009, kappa : 26.27889711387155}"
"{id : P_2df6edb776c5a32a, x0 : 287.84928246501215, f(x0) : 234.62394085276992, f'(x0) : -8.49926147552296, f''(x0) : 0.36693963420102865, kappa : 0.005079631913952272}"
"{id : P_57c602b0fd807a6b, x0 : -7.872838849285305, f(x0) : 90735.31331040175, f'(x0) : -57626.78951013536, f''(x0) : 29276.86066227721, kappa : 8.816082708724662e-06}"
"{id : P_248ce51705f9710a, x0 : 320.9501391130625, f(x0) : 1913.3990721946145, f'(x0) : -37.93745169193444, f''(x0) : 0.988602672712373, kappa : 0.0006868872727159542}"
"{id : P_300b5fa3d3998689, x0 : 3.4920369762022343, f(x0) : 1.20052729958497, f'(x0) : -0.1867853240796236, f''(x0) : 0.029061194446466383, kappa : 0.8329673139009053}"
"{id : P_3b8163107616145, x0 : -4.404717798051703, f(x0) : 1.7877291759903686, f'(x0) : 11.811932527491456, f''(x0) : -12.302873346726741, kappa : -0.0881788921349375}"
"{id : P_24af5bff6329ef81, x0 : 15.29964060554795, f(x0) : 0.6078339415063709, f'(x0) : 0.033155473946859054, f''(x0) : -0.0007616116498277923, kappa : -0.6928242778053213}"
"{id : P_63690c17ad1f681e, x0 : -5.5394016855338215, f(x0) : 26085.24387167246, f'(x0) : -23538.856103772578, f''(x0) : 16997.704366016693, kappa : 3.0677471650948885e-05}"
"{id : P_1d657f8f85585ca, x0 : 70.1720097366944, f(x0) : 63.133196564174185, f'(x0) : 0.4222128425775952, f''(x0) : -0.008189102705131355, kappa : -0.04593814343607734}"
"{id : P_db073b00366ef6f, x0 : 4.9821363229502165, f(x0) : -2.3829754529526754, f'(x0) : -0.32434770465463664, f''(x0) : 0.08230788478725083, kappa : 0.7823836808813563}"
"{id : P_4a01ce096ce73cf2, x0 : 9.194037167731565, f(x0) : -0.023678413122022013, f'(x0) : 0.5146690229014652, f''(x0) : -3.952717790271312, kappa : -14.922436836546645}"
"{id : P_59784e34628d3200, x0 : 0.04328333312337945, f(x0) : -14.401757138253908, f'(x0) : 471.1693394119477, f''(x0) : 5716.362004826073, kappa : 0.025749315024106517}"
"{id : P_234dcb8428bf30d6, x0 : 0.7596056169085799, f(x0) : 3.4796259635806943, f'(x0) : 0.6630114072232853, f''(x0) : 35.38559303760555, kappa : 80.49788637930841}"
"{id : P_6ad7b778ebb28eec, x0 : 1.5746830070200666, f(x0) : 10.25754423605931, f'(x0) : -18.218437372994572, f''(x0) : 17.45918004171208, kappa : 0.052601919877094706}"
"{id : P_59c24d5718f26c0, x0 : 3.0050458246569196, f(x0) : -2.675343722382755, f'(x0) : 0.4209616978163478, f''(x0) : -0.0662377508900403, kappa : -0.37378374660186264}"
"{id : P_430522eee83f886c, x0 : -0.5774652026771356, f(x0) : 3.585541847193338, f'(x0) : 7.1189768164227525, f''(x0) : -2.2535187618092545, kappa : -0.044465790852543374}"
"{id : P_6ee2bcca1df2d8ad, x0 : 2.181378362223416, f(x0) : -0.15417467129821966, f'(x0) : 0.2017957866274961, f''(x0) : -0.22044722579751005, kappa : -5.41352877373922}"
"{id : P_1d9779294e70d860, x0 : 2.764581369737863, f(x0) : -0.7153221282205319, f'(x0) : 0.15927319169117857, f''(x0) : -0.03546367236618471, kappa : -1.3979715718953722}"
"{id : P_377bc5186b4d74af, x0 : 5.194339206541557, f(x0) : -0.9308561323891631, f'(x0) : 0.4350923146960294, f''(x0) : 9.296864900946026, kappa : 49.11042535741379}"
"{id : P_45c1bd926bea83d3, x0 : -0.10766699113914768, f(x0) : -1.449785210042845, f'(x0) : 4.105662458174044, f''(x0) : 1.996427570532395, kappa : 0.11843691206066853}"
"{id : P_54c3b3d96c8be28f, x0 : -1.1118885176049744, f(x0) : -1.5921818939272314, f'(x0) : 20.399984827973004, f''(x0) : -151.66543563529868, kappa : -0.3644407469022797}"
"{id : P_5fa09c01b9b80c10, x0 : -9.765520032863137, f(x0) : 63.862526732080674, f'(x0) : -17.87190004925734, f''(x0) : 7.835933489703054, kappa : 0.024532922519473446}"
"{id : P_77c894cae29c41f4, x0 : 62.37575917927143, f(x0) : 34.15882431640783, f'(x0) : 0.3698717908853852, f''(x0) : -0.004385147366011076, kappa : -0.03205396604068632}"
"{id : P_25bab460f0e4482a, x0 : -2.1334887919374736, f(x0) : -4173.632486878935, f'(x0) : 21492.869047401837, f''(x0) : -100739.76418661754, kappa : -0.0002180781451782032}"
"{id : P_632be6a899d005c8, x0 : 3.4539648946381156, f(x0) : -1.8542687083657545, f'(x0) : 0.49618620031845656, f''(x0) : -0.13277511736875217, kappa : -0.5392961632196999}"
"{id : P_d2336aee02363c1, x0 : -0.22090874625445878, f(x0) : -1.0243368910065764, f'(x0) : 0.47644375954742413, f''(x0) : -6.770176742854383, kappa : -29.8247437311079}"
"{id : P_2a61de3747f749c4, x0 : 1.4288773893499318, f(x0) : 475.56699439507634, f'(x0) : 4061.9461028388278, f''(x0) : 32110.62174088604, kappa : 0.0019461683325942064}"
"{id : P_5ac45a3053ff2d0e, x0 : -6.463588532139468, f(x0) : -1.0076823195066145, f'(x0) : -3.1211049622561724, f''(x0) : 6.307707832169421, kappa : 0.6475224356292781}"
"{id : P_1552b659db70288b, x0 : 25.701424674900025, f(x0) : 19.951895133611934, f'(x0) : 0.0899160561128427, f''(x0) : -0.011958007723696243, kappa : -1.4790550215347198}"
"{id : P_356c3874077657e3, x0 : 4.67294542665995, f(x0) : -1.7991783543651803, f'(x0) : -1.283957128108163, f''(x0) : -3.965657973066482, kappa : -2.405549009379242}"
"{id : P_588f3bf3c82bd05e, x0 : 285.92249174758, f(x0) : 6949.2243187676495, f'(x0) : -363.74770520412017, f''(x0) : 21.584259205863116, kappa : 0.00016313104698462946}"
"{id : P_3c8eb5511f121251, x0 : 1.2339059411053874, f(x0) : -0.1876824011103197, f'(x0) : 0.3885199081013574, f''(x0) : -0.7168887377600761, kappa : -4.749251877084709}"
"{id : P_4e3b08e8c62c7f15, x0 : 3.984941366777175, f(x0) : -0.67639363246031, f'(x0) : 0.22039895395582734, f''(x0) : -0.0718157247106747, kappa : -1.478429056705644}"
"{id : P_1ca47e554c4304af, x0 : 0.9856576846818283, f(x0) : -2.8820300954749767, f'(x0) : -8.717873762994397, f''(x0) : 253.74809950913067, kappa : 3.338732665014184}"
"{id : P_553e04c2afb72c54, x0 : -9.400462255296475, f(x0) : 0.5898298292859137, f'(x0) : -0.38342885537623833, f''(x0) : -0.005055458852472196, kappa : -0.03438673911272619}"
"{id : P_4299dd0fb13581f9, x0 : 7.8085047726788375, f(x0) : -433.3749308395582, f'(x0) : -166.15024048555762, f''(x0) : -28.451793033335576, kappa : -0.0010306416579780448}"
"{id : P_66d9095ccfab3eca, x0 : 129.32185782210018, f(x0) : 129.43730663966687, f'(x0) : 0.1819451311878605, f''(x0) : -0.003680842671817805, kappa : -0.11119016587960115}"
"{id : P_44ba500564ce5deb, x0 : 60.033232400372526, f(x0) : -4.753793105280522, f'(x0) : 0.23089904577667553, f''(x0) : -0.00048310351762970925, kappa : -0.009061412966241418}"
"{id : P_673d2666e81f1e8d, x0 : 1.2356322267773212, f(x0) : 1.3433816396209137, f'(x0) : -0.3131684022090994, f''(x0) : 0.3477138018883259, kappa : 3.5454066627442877}"
"{id : P_f580d7fa9e4f7cb, x0 : -5.810100400934907, f(x0) : -3.713523887744278, f'(x0) : -2.783984196525631, f''(x0) : 18.180367947820773, kappa : 2.3456820109911134}"
"{id : P_fa886bb4aaad2f5, x0 : 3.236441617883072, f(x0) : 4.368792977752668, f'(x0) : 0.11896493158995897, f''(x0) : 0.0031617978240960232, kappa : 0.2234066919364375}"
"{id : P_3fb89fcbe2533173, x0 : 252.79183518110415, f(x0) : 5752.468719592065, f'(x0) : -234.23634948233683, f''(x0) : 11.391129605440975, kappa : 0.00020761475302462864}"
"{id : P_14a6da9819dff552, x0 : 2.3933840399021165, f(x0) : 3417.3125388900276, f'(x0) : 6348.926346796716, f''(x0) : 8781.098900462674, kappa : 0.00021784534830099938}"
"{id : P_f3d42137a1f8e4d, x0 : 0.22690136524783355, f(x0) : 0.061118711012627704, f'(x0) : 0.06329906303586352, f''(x0) : -0.9805341220899052, kappa : -244.71925867449477}"
"{id : P_d30a0e49388cb44, x0 : -1.6767250331966466, f(x0) : 3818.274386082908, f'(x0) : -26418.611761801258, f''(x0) : 166716.84833879658, kappa : 0.00023886884317408274}"
"{id : P_27dd7a931a8f192c, x0 : 4.496730833747449, f(x0) : -9194.16608821367, f'(x0) : -10220.936624247895, f''(x0) : -9094.227091226607, kappa : -8.705313262326272e-05}"
"{id : P_1a88481effcaeefe, x0 : 1.7828690661970423, f(x0) : -3.4130611871046472, f'(x0) : 0.3827731365162217, f''(x0) : 0.16060175744082517, kappa : 1.0961434464413642}"
"{id : P_2ce58c89c1b62990, x0 : 878.3203565213573, f(x0) : 134.52811001575583, f'(x0) : 0.03628049649017648, f''(x0) : -9.318044693665947e-05, kappa : -0.0707910486797205}"
"{id : P_314b66c4a0aa4081, x0 : 19.759792390956022, f(x0) : 63.118585757710306, f'(x0) : 0.14529987001934017, f''(x0) : -0.034070656275274565, kappa : -1.6138012500117682}"
"{id : P_490273d8d26f6180, x0 : -7.784921522487505, f(x0) : -26.859625836215997, f'(x0) : 8.074354774788103, f''(x0) : -2.397749061729425, kappa : -0.036777997103584335}"
"{id : P_6bcac8ec010da503, x0 : 347.6415240567818, f(x0) : 570.8821865970536, f'(x0) : -15.538269458006303, f''(x0) : 0.5123130491551398, kappa : 0.0021219254461885733}"
"{id : P_6f2007401c217365, x0 : 0.5805101607804899, f(x0) : -0.7313161627968945, f'(x0) : 3.681227803588722, f''(x0) : 74.76836586347858, kappa : 5.517374988579239}"
"{id : P_3703086e324e0ec7, x0 : 0.05713206818790753, f(x0) : -7.7090171681263016, f'(x0) : 787.8883097750825, f''(x0) : 8130.688759893798, kappa : 0.013097790008759611}"
"{id : P_75b5acfba5efde53, x0 : 322.0396760624009, f(x0) : 356.5045062046324, f'(x0) : -15.658829028454633, f''(x0) : 0.7850341566469633, kappa : 0.003201621506737304}"
"{id : P_7832d8e47253640c, x0 : 51.72575353418756, f(x0) : 3.554117041025512, f'(x0) : 0.015303359308035256, f''(x0) : -0.0007412588403081399, kappa : -3.1651648597495643}"
"{id : P_4cf52238ebee3723, x0 : -9.349631508175303, f(x0) : -3945.043528264705, f'(x0) : 2611.153711460477, f''(x0) : -1101.0013044931654, kappa : -0.0001614815676791157}"
"{id : P_77548787e24ebf6a, x0 : -0.13151219216027243, f(x0) : 5.146072420604352, f'(x0) : -1.126988207268603, f''(x0) : 0.2593122407015786, kappa : 0.20416640166696273}"
"{id : P_5fc8f9f425b3ecf8, x0 : 312.076307494851, f(x0) : 1531.7976002667956, f'(x0) : -58.11904799914273, f''(x0) : 2.5776040183380946, kappa : 0.0007630960690947195}"
"{id : P_171d502605a1514d, x0 : 8.42542616329731, f(x0) : 2.325439297261107, f'(x0) : 2.1924508778737026, f''(x0) : -0.7595362391837521, kappa : -0.1580115220343194}"
"{id : P_5ea0998d17ad6fe8, x0 : -5.45790514005332, f(x0) : -1.1478889124217706, f'(x0) : 11.630790148386472, f''(x0) : -3.7313985707079143, kappa : -0.027583743202506825}"
"{id : P_5d0cb16b66a17d6d, x0 : 2.722550274179948, f(x0) : 0.9132620661908214, f'(x0) : -0.29105144403660355, f''(x0) : 0.09275644550651056, kappa : 1.0949759516137128}"
"{id : P_4b36bfa0817ba91e, x0 : 3.2085440201530844, f(x0) : 210.9000469770674, f'(x0) : -56.56874990217715, f''(x0) : -508.3477544880684, kappa : -0.15885750838062157}"
"{id : P_2c6da3dad24df356, x0 : 117.89352821645932, f(x0) : 60.2688866169533, f'(x0) : 0.10967413144490032, f''(x0) : -0.002381170020320416, kappa : -0.19796207554380618}"
"{id : P_5dca3a65846dc8a6, x0 : -1.708180867455816, f(x0) : 17.210331519442086, f'(x0) : -43.72575650097806, f''(x0) : 99.92104749845777, kappa : 0.05226155339088666}"
"{id : P_153f712003ed1885, x0 : 0.6271898401777327, f(x0) : 2.9002851433363084, f'(x0) : 16.436336521128165, f''(x0) : -437.9533396377185, kappa : -1.6211298157599263}"
"{id : P_76016361889e9b12, x0 : 1.3397028080485036, f(x0) : -0.010674583999175377, f'(x0) : 0.041913758386578084, f''(x0) : -0.15868056383362358, kappa : -90.32553110431478}"
"{id : P_1329ea087d6e0b97, x0 : 2.5777522841346308, f(x0) : 0.12259895107688784, f'(x0) : 0.02364232427305093, f''(x0) : -0.3881999459441242, kappa : -694.5046072306656}"
"{id : P_56a400ba7ba77e59, x0 : 1.665267187753102, f(x0) : 0.10052109489939938, f'(x0) : -0.014726832181703975, f''(x0) : 0.11517839696920112, kappa : 531.0707154882126}"
"{id : P_5308297c687e8c07, x0 : -0.49984668188477244, f(x0) : -4.340903694388393, f'(x0) : -1.8260523339432728, f''(x0) : 1.9791285924221567, kappa : 0.5935366934081716}"
"{id : P_53025cf6c94b8f7f, x0 : 15.265975006576866, f(x0) : 16.12811017673896, f'(x0) : 0.7817868779832404, f''(x0) : -0.029434399404530555, kappa : -0.048159106996836336}"
"{id : P_1c46894ea0b616f3, x0 : 0.47055930591733386, f(x0) : 0.05456986025314148, f'(x0) : 0.11533049677681152, f''(x0) : -0.0026999627796172616, kappa : -0.2029875733654764}"
"{id : P_41dc1f892a558429, x0 : 92.3164415418471, f(x0) : 13.314626552776582, f'(x0) : 0.07887300738491204, f''(x0) : -0.0009450833011324281, kappa : -0.15191941818496482}"
"{id : P_c2cb27c47d6d2f3, x0 : -0.679948580604119, f(x0) : 2.4405096663583747, f'(x0) : 4.388517817525832, f''(x0) : -93.24549447329923, kappa : -4.841635876014019}"
"{id : P_417e1ae80c9de3bc, x0 : 2.79802836648269, f(x0) : 4.693455319373718, f'(x0) : -2.432432523487817, f''(x0) : 0.8556860297600467, kappa : 0.1446214922270192}"
"{id : P_5e7735b15a6dc825, x0 : 0.21960125524093632, f(x0) : 0.0041878236101577605, f'(x0) : -0.3072255905730309, f''(x0) : 16.580272279018754, kappa : 175.66161964230565}"
"{id : P_49d5322b2f79676d, x0 : -7.788940124765553, f(x0) : -2586.212556489036, f'(x0) : 908.5216845632701, f''(x0) : -222.63393029893592, kappa : -0.0002697247245570687}"
"{id : P_5645486e49215812, x0 : 6.164585412927501, f(x0) : 4.1458730836027815, f'(x0) : -5.97039409188978, f''(x0) : -4.222949532626339, kappa : -0.11847041058965008}"
"{id : P_206cfe2f4188dd31, x0 : 5.624994567701243, f(x0) : 859.3351126266998, f'(x0) : -77.30954760642734, f''(x0) : -225.6196237562605, kappa : -0.0377494481215969}"
"{id : P_13ec720b0e9a9c19, x0 : 13.285383848534934, f(x0) : 0.6796866666058059, f'(x0) : 0.046829126920452394, f''(x0) : -0.0006147019281720823, kappa : -0.2803060384656742}"
"{id : P_133c6922e3d603a8, x0 : -0.13989408191243058, f(x0) : 3.5409414075183445, f'(x0) : 3.0854375040818285, f''(x0) : 2.6936054580893796, kappa : 0.2829439910130809}"
"{id : P_64682e05c8c9d6c4, x0 : 267.6627516617672, f(x0) : 8924.82657181897, f'(x0) : -312.1361567536716, f''(x0) : 13.248933750561067, kappa : 0.00013598555278485522}"
"{id : P_10491b21dd2115d2, x0 : 7.518411221695331, f(x0) : -1.929228585291865, f'(x0) : 0.6005660979728566, f''(x0) : 0.6564816623283442, kappa : 1.820123991213044}"
"{id : P_11748d8ea095e212, x0 : 823.810600586613, f(x0) : 47.935698708552565, f'(x0) : 0.024946816458872863, f''(x0) : -3.803644165909738e-05, kappa : -0.061118068082696965}"
"{id : P_1de5c0b660fdf149, x0 : 205.32968552216755, f(x0) : 68.92546132248755, f'(x0) : 0.054961668576208655, f''(x0) : -0.0007878073224403039, kappa : -0.2607955611316777}"
"{id : P_3c61161622dc06da, x0 : 9.184566529911706, f(x0) : -38858.05638124417, f'(x0) : 151845.31189518792, f''(x0) : 182351.03484064664, kappa : 7.908706456592649e-06}"
"{id : P_5598561352ee2173, x0 : 0.44475956581033316, f(x0) : -1.9057703729090656, f'(x0) : 0.6236953001772849, f''(x0) : -8.390640380764804, kappa : -21.570000982999893}"
"{id : P_6dc5742367a4c8c7, x0 : 3.2399321708615947, f(x0) : 0.6451157464021732, f'(x0) : -0.4417467764659848, f''(x0) : 0.2629003189255318, kappa : 1.347238033814716}"
"{id : P_18cdc65975ef1, x0 : -1.4651974988706051, f(x0) : -338.01520807286386, f'(x0) : 749.6475106747189, f''(x0) : -1213.0976022266134, kappa : -0.0021586465490060487}"
"{id : P_462a2b4971364a85, x0 : 288.2854800146821, f(x0) : 371.7791110930219, f'(x0) : -21.199317418535436, f''(x0) : 1.3558837192299047, kappa : 0.0030170234844938333}"
"{id : P_494c8d0466f4374, x0 : 17.897278337093226, f(x0) : 46.97145477398198, f'(x0) : 1.0199767155843067, f''(x0) : -0.09485864968788506, kappa : -0.09117933552081388}"
"{id : P_308839b4a2e23f1a, x0 : 0.12023661897014648, f(x0) : 0.049367800192444536, f'(x0) : 0.33128229518783053, f''(x0) : -1.1946924465933535, kappa : -10.885782809421094}"
"{id : P_322b117766dc1f6f, x0 : 0.3098085371090811, f(x0) : -9.737684005348802, f'(x0) : -6.446670687739803, f''(x0) : -5.435343961995223, kappa : -0.13078443504635368}"
"{id : P_445bad8cb74721b1, x0 : 0.3281147671528178, f(x0) : 0.014534907859272203, f'(x0) : -0.2527060302285688, f''(x0) : -0.6137962293530395, kappa : -9.611540610747644}"
"{id : P_4ed865acd408df01, x0 : 2.480569913352168, f(x0) : 0.018324456708686425, f'(x0) : -0.0351512831293437, f''(x0) : 0.06400888057653055, kappa : 51.80335252656175}"
"{id : P_331481b89c5924c8, x0 : -9.189792122871058, f(x0) : 2.791563623998433, f'(x0) : 1.582926307199068, f''(x0) : -22.93611198780193, kappa : -9.153736501992244}"
"{id : P_3b06ed5c4b09ea0, x0 : 3.0705780310541826, f(x0) : -2.8285439324811046, f'(x0) : -0.17195762109160773, f''(x0) : 0.8155618291247916, kappa : 27.581255700264094}"
"{id : P_75c2c8374c5aecdd, x0 : 0.32771440058293866, f(x0) : -0.12210476899591878, f'(x0) : 3.0649201756347217, f''(x0) : -63.80141865154913, kappa : -6.791911205988568}"
"{id : P_4cd92a7a58dcd197, x0 : 8.42046781876902, f(x0) : -0.5155099153361434, f'(x0) : 0.05255430892140306, f''(x0) : 0.40560733529021353, kappa : 146.85513651520017}"
"{id : P_1c0357fe4d8a9a74, x0 : 0.1452289147480382, f(x0) : 1.1152210474081818, f'(x0) : 4.7589064270077905, f''(x0) : -2088.325505032866, kappa : -92.21123988887378}"
"{id : P_7ce06cbd80e4f81, x0 : 346.74661371006306, f(x0) : 453.6489147883043, f'(x0) : -11.1699395858652, f''(x0) : 0.33945817982478693, kappa : 0.002720724890946584}"
"{id : P_fdac17d82fd08ae, x0 : 0.18298004844401206, f(x0) : 0.3419137647439632, f'(x0) : -2.377482227205925, f''(x0) : 15.096775230616018, kappa : 2.6708508181485624}"
